file,missing_rows
../datasets/Big5/2017-2018\stats.csv,1761;1830;2276;2475;2690
../datasets/Big5/2017-2018\keepers.csv,5;6;17;20;23;24;26;32;33;34;39;52;54;59;63;66;68;69;70;73;74;81;87;88;97;100;109;115;119;123;127;128;131;132;135;141;142;145;146;148;150;154;158;160;161;168;172;173;174;176;177;183;187;192;195;198;199;200;201;204
../datasets/Big5/2017-2018\keepersadv.csv,5;66;115;119;145;148;161
../datasets/Big5/2017-2018\shooting.csv,1;2;5;9;13;17;18;20;22;28;30;32;35;40;50;52;58;63;66;67;70;73;77;80;81;83;84;87;92;93;94;100;102;108;111;113;116;117;121;122;124;128;131;132;139;151;171;173;184;185;187;190;196;198;200;206;209;213;217;222;223;229;237;239;241;242;247;251;258;260;261;273;278;279;282;285;289;290;295;296;299;304;305;311;317;319;322;324;326;328;329;337;339;340;341;344;345;347;353;360;362;370;371;375;376;377;381;382;384;387;388;389;391;396;397;410;411;413;417;423;432;435;437;440;442;447;451;457;461;462;473;476;477;478;482;483;488;492;493;497;501;502;504;505;507;510;513;522;524;529;531;534;535;536;539;540;543;547;556;560;562;564;567;571;572;573;575;577;581;583;585;587;593;604;605;607;611;612;616;632;635;649;650;654;656;661;666;667;670;675;677;683;686;694;696;697;699;701;703;705;710;711;712;713;714;720;722;725;728;729;734;742;743;744;748;749;762;768;769;770;771;777;780;785;797;798;806;807;810;812;815;817;827;830;834;835;838;839;840;841;848;850;851;853;856;857;864;869;872;875;886;887;889;891;893;895;896;898;902;904;909;918;922;923;927;934;938;939;940;942;948;949;950;953;957;959;960;961;962;964;965;969;971;975;980;982;987;988;994;995;997;999;1000;1011;1016;1017;1018;1020;1023;1025;1032;1040;1043;1045;1048;1049;1056;1058;1060;1067;1073;1076;1081;1082;1086;1090;1092;1093;1097;1100;1106;1107;1109;1113;1114;1117;1120;1123;1144;1152;1155;1156;1157;1158;1161;1169;1171;1172;1174;1177;1181;1182;1184;1185;1186;1201;1204;1205;1213;1219;1220;1224;1226;1228;1231;1237;1243;1245;1247;1248;1252;1257;1258;1260;1262;1263;1270;1281;1286;1302;1305;1312;1316;1317;1323;1324;1329;1333;1335;1341;1342;1351;1352;1354;1357;1360;1363;1364;1366;1368;1369;1371;1373;1377;1382;1383;1385;1393;1397;1407;1411;1415;1418;1420;1422;1423;1425;1427;1432;1436;1437;1439;1444;1451;1452;1455;1456;1458;1459;1460;1461;1464;1465;1466;1467;1468;1471;1481;1484;1485;1488;1489;1490;1491;1492;1493;1496;1497;1503;1508;1510;1511;1512;1515;1523;1529;1530;1535;1542;1546;1554;1558;1567;1568;1574;1575;1579;1582;1585;1588;1593;1596;1598;1603;1610;1616;1618;1619;1622;1623;1625;1626;1634;1644;1648;1654;1657;1659;1661;1662;1663;1664;1669;1674;1689;1690;1691;1697;1700;1704;1705;1706;1709;1713;1714;1724;1731;1736;1745;1747;1749;1750;1751;1754;1755;1756;1757;1759;1761;1762;1763;1770;1777;1778;1780;1782;1787;1791;1793;1794;1795;1796;1801;1812;1816;1818;1823;1827;1828;1830;1831;1833;1835;1840;1842;1846;1847;1862;1863;1864;1867;1871;1872;1875;1881;1886;1887;1894;1897;1900;1903;1904;1907;1910;1911;1917;1918;1929;1932;1933;1936;1940;1949;1953;1956;1969;1970;1971;1975;1976;1985;1989;1994;1997;2000;2001;2002;2009;2014;2016;2018;2022;2023;2029;2038;2045;2047;2054;2059;2069;2070;2071;2072;2073;2074;2082;2083;2088;2093;2094;2095;2098;2103;2109;2111;2113;2115;2122;2132;2133;2135;2136;2138;2149;2153;2158;2161;2162;2165;2169;2172;2175;2178;2180;2182;2184;2187;2197;2204;2205;2206;2209;2212;2215;2219;2221;2233;2243;2246;2250;2252;2253;2257;2259;2260;2263;2266;2267;2268;2274;2275;2276;2278;2282;2284;2287;2292;2300;2303;2312;2318;2320;2323;2324;2327;2329;2332;2345;2346;2349;2350;2351;2354;2355;2356;2357;2358;2359;2362;2363;2365;2366;2368;2369;2370;2372;2374;2375;2381;2384;2389;2390;2391;2397;2400;2402;2404;2412;2413;2417;2419;2430;2432;2434;2435;2438;2446;2449;2457;2459;2464;2469;2475;2480;2481;2483;2484;2486;2489;2490;2501;2505;2506;2507;2509;2510;2511;2512;2516;2523;2525;2526;2527;2529;2532;2535;2543;2548;2551;2571;2573;2577;2580;2583;2584;2586;2591;2592;2594;2598;2600;2603;2604;2610;2612;2619;2622;2631;2634;2635;2639;2640;2646;2647;2649;2650;2653;2661;2662;2666;2668;2670;2671;2672;2674;2675;2677;2679;2687;2690
../datasets/Big5/2017-2018\passing.csv,117;171;187;213;229;260;319;337;371;376;410;413;473;493;513;524;583;587;607;656;667;672;699;733;744;856;961;997;999;1032;1073;1090;1117;1120;1144;1158;1172;1181;1260;1281;1302;1351;1357;1546;1595;1596;1632;1689;1714;1731;1754;1756;1761;1763;1780;1801;1812;1816;1823;1830;1831;1862;1871;1875;1907;1911;1971;1975;1976;2009;2014;2018;2072;2095;2098;2122;2153;2165;2182;2184;2187;2201;2211;2226;2243;2246;2253;2259;2276;2303;2320;2346;2355;2356;2381;2384;2422;2444;2449;2475;2506;2507;2525;2551;2571;2583;2594;2603;2611;2619;2640;2650;2670;2679;2690
../datasets/Big5/2017-2018\passing_types.csv,1830;2276;2475;2690
../datasets/Big5/2017-2018\gca.csv,1761;1830;2276;2475;2690
../datasets/Big5/2017-2018\defense.csv,17;18;63;80;83;93;94;102;113;117;132;157;164;171;187;190;198;213;237;241;242;251;258;260;279;289;304;312;319;324;329;337;370;375;376;377;387;391;410;411;413;437;442;457;477;483;488;493;510;513;524;531;539;543;562;564;567;571;581;583;607;611;616;666;667;675;696;697;713;714;722;728;734;742;744;749;771;773;777;806;812;834;841;848;857;893;915;918;922;923;927;938;948;961;962;964;969;980;987;988;995;997;999;1017;1025;1032;1040;1056;1058;1067;1082;1108;1115;1144;1152;1171;1172;1181;1228;1231;1237;1243;1245;1248;1257;1263;1281;1302;1304;1305;1324;1329;1333;1357;1363;1364;1369;1373;1397;1418;1432;1452;1455;1458;1465;1466;1485;1488;1492;1496;1510;1523;1529;1542;1546;1567;1568;1593;1595;1596;1608;1613;1618;1625;1632;1652;1661;1669;1674;1689;1724;1726;1731;1736;1754;1755;1756;1761;1763;1777;1780;1787;1795;1796;1812;1816;1823;1830;1831;1835;1846;1847;1862;1867;1872;1879;1887;1894;1897;1907;1911;1917;1923;1929;1932;1933;1953;1956;1975;1976;2000;2002;2009;2014;2016;2018;2022;2023;2038;2045;2054;2072;2095;2098;2109;2113;2122;2138;2153;2161;2162;2165;2178;2182;2187;2206;2226;2233;2243;2246;2275;2276;2284;2303;2312;2320;2323;2324;2327;2329;2341;2345;2346;2351;2355;2356;2363;2369;2374;2381;2384;2389;2397;2402;2413;2417;2422;2432;2438;2444;2475;2490;2501;2506;2507;2511;2516;2523;2543;2548;2551;2571;2577;2583;2584;2594;2600;2603;2611;2612;2616;2619;2639;2640;2650;2653;2666;2670;2671;2674;2675;2677;2679;2690
../datasets/Big5/2017-2018\possession.csv,5;17;18;20;40;50;52;70;77;80;83;84;93;94;102;113;117;122;124;132;139;171;184;187;190;198;206;213;223;237;239;241;242;251;253;260;261;279;285;289;290;295;296;301;305;312;318;319;322;329;337;353;358;371;376;377;387;391;397;399;410;411;435;437;442;446;457;461;482;488;493;503;510;513;531;532;534;539;540;543;556;562;567;571;573;581;585;611;616;632;656;666;667;675;683;696;697;699;703;705;710;712;713;722;725;728;733;734;742;744;749;762;766;777;780;785;806;809;812;834;848;857;868;870;872;877;889;895;901;904;909;918;922;927;937;938;940;948;950;957;959;964;965;975;980;982;987;988;994;995;1011;1016;1025;1027;1032;1040;1043;1048;1056;1058;1060;1067;1073;1082;1092;1093;1107;1108;1109;1120;1123;1144;1152;1155;1171;1172;1177;1181;1186;1233;1245;1258;1262;1263;1281;1302;1304;1305;1324;1329;1333;1351;1354;1361;1363;1365;1369;1371;1373;1411;1418;1422;1432;1437;1452;1455;1458;1461;1465;1466;1484;1485;1492;1495;1496;1503;1515;1523;1543;1546;1567;1568;1575;1585;1595;1596;1598;1603;1605;1618;1625;1626;1632;1648;1652;1661;1674;1689;1713;1714;1724;1731;1736;1755;1756;1759;1761;1763;1777;1780;1787;1795;1796;1801;1812;1823;1830;1831;1842;1846;1862;1867;1872;1875;1881;1894;1904;1907;1910;1911;1917;1918;1929;1953;1956;1976;1997;2001;2002;2016;2018;2019;2022;2023;2038;2047;2054;2060;2072;2074;2093;2095;2098;2109;2113;2122;2138;2149;2153;2158;2161;2162;2165;2169;2172;2180;2187;2205;2221;2226;2240;2243;2246;2250;2253;2267;2274;2275;2276;2284;2300;2310;2312;2318;2327;2329;2345;2347;2349;2351;2354;2355;2356;2362;2363;2365;2366;2369;2374;2381;2384;2386;2391;2402;2404;2413;2422;2432;2449;2469;2475;2481;2490;2501;2506;2507;2510;2511;2513;2516;2523;2525;2543;2551;2571;2577;2578;2583;2584;2591;2600;2603;2610;2612;2619;2622;2639;2640;2647;2650;2670;2671;2672;2674;2677;2679;2690
../datasets/Big5/2017-2018\playingtime.csv,0;1;2;3;4;6;7;9;10;11;12;13;14;15;16;17;20;21;22;23;24;25;27;28;31;32;35;36;37;39;40;41;42;43;44;45;46;47;48;51;52;53;54;56;57;59;60;63;64;65;66;67;69;70;71;72;73;75;76;77;81;82;85;89;91;92;93;94;96;97;98;99;101;102;103;104;107;108;109;110;111;112;113;114;115;116;117;118;120;124;126;128;130;131;132;133;134;136;137;138;139;140;141;142;144;145;146;147;150;151;152;153;154;155;156;157;158;159;160;161;163;166;167;168;170;171;173;174;176;177;178;179;180;183;184;185;186;187;188;189;190;191;193;195;197;198;202;207;209;210;212;213;214;215;216;217;218;220;222;223;224;225;226;227;228;229;231;232;234;235;236;237;238;239;240;241;243;244;245;246;248;249;250;251;252;253;254;255;256;260;262;263;265;267;268;269;270;271;272;273;274;275;276;277;278;279;280;281;282;284;288;289;290;291;292;293;294;295;297;298;299;301;302;303;306;307;309;310;311;312;313;316;317;318;319;320;321;322;323;324;325;326;327;328;330;331;332;333;334;335;337;338;339;340;341;342;343;344;345;346;348;349;350;352;353;356;357;359;360;361;362;363;366;368;369;370;371;372;373;375;376;377;379;380;381;383;384;385;386;387;388;390;392;393;395;396;400;402;403;405;407;409;410;411;413;414;415;416;417;418;419;420;421;422;423;424;425;426;427;428;429;430;431;432;434;435;436;437;438;439;441;442;443;445;446;448;450;451;452;453;454;456;457;458;461;462;464;465;466;467;468;471;473;474;475;476;477;478;479;480;481;482;483;484;485;486;487;489;490;491;492;493;495;498;501;502;503;505;506;507;508;509;510;513;514;515;516;517;518;519;520;522;523;525;527;528;530;531;532;534;535;536;537;538;539;540;541;542;543;547;548;549;550;551;552;554;555;556;557;559;561;562;563;564;565;566;567;568;569;570;571;573;574;575;576;577;581;584;585;586;587;588;589;590;591;593;594;595;596;597;599;600;601;602;604;606;607;608;609;610;611;613;614;615;616;619;620;621;622;623;624;625;627;629;631;632;633;634;635;636;637;640;642;643;646;647;652;653;654;656;657;659;661;662;665;667;668;670;671;672;673;674;675;676;677;680;681;682;683;684;685;686;687;688;689;691;692;693;695;697;698;699;700;701;702;703;704;705;706;707;709;711;713;714;715;716;717;718;719;720;721;722;723;724;725;726;727;728;730;731;732;733;734;735;736;737;738;739;740;741;742;744;745;747;748;751;753;754;756;757;758;759;760;761;762;763;765;766;767;769;770;771;772;776;777;778;779;781;782;784;785;786;788;789;791;792;793;795;796;799;802;804;806;807;808;809;810;811;813;814;815;816;817;818;819;820;821;822;823;825;826;828;829;831;832;833;834;835;837;838;839;840;841;842;843;844;845;846;847;848;849;850;851;852;853;854;855;856;859;860;861;862;863;864;866;867;868;869;870;871;872;873;874;875;876;877;878;879;881;883;884;887;889;890;892;895;896;897;898;900;901;902;903;904;905;906;908;909;911;912;913;914;915;916;919;920;921;922;923;924;925;927;928;929;930;931;934;935;936;937;938;939;941;942;943;944;945;947;948;950;951;952;953;955;956;957;958;959;961;962;963;964;965;966;968;969;970;971;972;974;975;977;979;980;981;983;984;985;986;988;989;990;991;992;993;994;995;996;997;998;999;1000;1001;1002;1003;1004;1005;1007;1008;1010;1011;1012;1013;1014;1016;1017;1019;1020;1021;1022;1024;1026;1027;1028;1030;1032;1033;1034;1035;1038;1041;1043;1051;1052;1053;1055;1056;1057;1058;1059;1060;1061;1062;1063;1064;1065;1066;1070;1071;1072;1073;1075;1076;1077;1081;1082;1083;1084;1085;1086;1087;1088;1092;1093;1094;1095;1096;1098;1100;1101;1102;1103;1105;1107;1108;1109;1110;1112;1113;1115;1116;1117;1119;1121;1123;1124;1127;1128;1130;1134;1135;1136;1137;1138;1139;1140;1141;1142;1144;1145;1146;1147;1148;1149;1150;1152;1154;1155;1157;1161;1162;1163;1164;1165;1166;1167;1168;1170;1171;1173;1174;1176;1177;1178;1179;1181;1182;1184;1185;1186;1188;1189;1190;1192;1193;1194;1195;1197;1198;1199;1201;1202;1203;1204;1205;1206;1207;1208;1209;1210;1211;1213;1214;1217;1218;1219;1220;1221;1223;1225;1227;1228;1229;1230;1232;1233;1234;1235;1236;1237;1238;1239;1240;1241;1242;1243;1244;1245;1246;1247;1248;1249;1250;1252;1253;1254;1255;1256;1257;1258;1259;1260;1261;1262;1263;1264;1266;1267;1269;1273;1274;1275;1276;1277;1278;1279;1280;1281;1282;1283;1284;1285;1286;1287;1288;1289;1290;1291;1292;1293;1294;1295;1296;1297;1298;1299;1300;1301;1302;1303;1304;1305;1306;1307;1308;1309;1310;1311;1312;1313;1314;1315;1316;1317;1318;1319;1320;1321;1323;1324;1325;1326;1327;1329;1330;1331;1332;1333;1334;1335;1336;1338;1340;1341;1342;1343;1346;1349;1350;1351;1352;1353;1354;1355;1356;1358;1359;1360;1362;1364;1365;1366;1368;1369;1372;1374;1375;1376;1377;1378;1379;1380;1381;1382;1383;1384;1385;1387;1388;1389;1390;1391;1393;1394;1395;1396;1399;1400;1402;1405;1406;1407;1408;1409;1411;1413;1414;1415;1416;1417;1418;1419;1420;1421;1422;1425;1426;1427;1428;1430;1432;1433;1435;1436;1444;1445;1447;1448;1449;1450;1451;1453;1454;1455;1456;1457;1458;1459;1460;1461;1462;1463;1465;1467;1468;1469;1470;1471;1473;1474;1475;1476;1477;1478;1479;1480;1481;1482;1483;1484;1485;1486;1487;1490;1491;1492;1493;1494;1495;1497;1498;1499;1500;1501;1502;1503;1504;1505;1507;1510;1511;1512;1514;1516;1517;1518;1519;1521;1522;1523;1524;1525;1526;1527;1528;1529;1530;1531;1532;1533;1534;1535;1536;1537;1540;1541;1542;1543;1544;1546;1549;1550;1551;1552;1553;1554;1555;1556;1559;1560;1562;1564;1565;1566;1568;1569;1570;1571;1572;1573;1574;1577;1581;1582;1583;1584;1585;1586;1587;1588;1590;1592;1593;1594;1595;1596;1598;1600;1602;1603;1604;1605;1606;1608;1609;1610;1611;1612;1613;1614;1615;1616;1617;1618;1619;1620;1621;1622;1623;1624;1625;1627;1628;1630;1631;1632;1633;1635;1637;1638;1639;1640;1641;1642;1643;1645;1646;1647;1648;1650;1651;1652;1653;1654;1657;1658;1662;1663;1664;1667;1668;1670;1672;1673;1674;1675;1676;1678;1679;1681;1683;1684;1685;1686;1687;1688;1689;1690;1691;1693;1695;1696;1698;1699;1701;1702;1703;1705;1706;1707;1709;1710;1711;1712;1713;1714;1715;1716;1718;1720;1721;1722;1723;1724;1725;1727;1728;1733;1734;1735;1736;1737;1738;1740;1743;1744;1746;1748;1749;1750;1751;1752;1754;1755;1758;1759;1760;1761;1763;1764;1765;1766;1768;1769;1771;1772;1773;1774;1775;1776;1778;1779;1780;1782;1783;1784;1785;1786;1789;1792;1793;1794;1795;1796;1797;1798;1799;1800;1802;1803;1804;1805;1806;1807;1808;1809;1811;1812;1813;1816;1821;1822;1824;1825;1826;1827;1829;1832;1835;1836;1838;1840;1841;1843;1844;1846;1848;1849;1850;1851;1852;1853;1854;1855;1857;1859;1860;1861;1862;1864;1865;1867;1868;1869;1870;1871;1872;1873;1874;1875;1876;1877;1878;1879;1880;1881;1882;1883;1884;1885;1886;1887;1888;1891;1892;1893;1895;1896;1897;1900;1901;1902;1903;1904;1905;1906;1907;1908;1909;1910;1911;1912;1913;1914;1916;1917;1918;1919;1920;1921;1924;1925;1926;1928;1934;1939;1940;1941;1943;1944;1945;1950;1951;1952;1953;1954;1958;1959;1960;1961;1962;1964;1965;1966;1967;1968;1969;1972;1973;1974;1975;1976;1977;1979;1980;1981;1982;1984;1985;1987;1989;1990;1993;1995;1997;1998;1999;2000;2002;2004;2006;2009;2010;2012;2013;2014;2015;2016;2017;2018;2019;2021;2022;2024;2028;2029;2030;2031;2034;2037;2040;2041;2042;2043;2044;2046;2049;2052;2053;2054;2055;2056;2057;2058;2059;2060;2061;2062;2063;2064;2065;2069;2071;2072;2073;2075;2076;2078;2081;2082;2083;2086;2087;2089;2090;2091;2097;2098;2099;2100;2101;2102;2104;2105;2106;2107;2108;2109;2110;2111;2115;2120;2121;2122;2123;2127;2129;2131;2132;2135;2136;2137;2139;2140;2141;2142;2143;2144;2146;2147;2148;2149;2151;2152;2154;2155;2157;2158;2159;2160;2161;2162;2163;2164;2165;2168;2169;2170;2171;2173;2174;2175;2177;2178;2179;2180;2182;2183;2184;2185;2186;2187;2188;2189;2190;2191;2193;2194;2196;2197;2198;2199;2200;2201;2203;2204;2205;2206;2207;2208;2209;2210;2212;2213;2215;2216;2217;2218;2219;2220;2221;2222;2223;2225;2226;2227;2228;2229;2230;2231;2232;2233;2235;2236;2237;2238;2239;2240;2242;2243;2244;2245;2247;2248;2251;2252;2253;2254;2256;2257;2260;2262;2263;2265;2266;2269;2270;2271;2272;2274;2275;2276;2278;2282;2283;2284;2285;2290;2291;2292;2293;2294;2295;2296;2297;2298;2299;2300;2301;2302;2303;2304;2306;2309;2310;2311;2313;2315;2316;2317;2318;2319;2322;2323;2324;2325;2326;2328;2329;2330;2331;2334;2339;2340;2341;2342;2343;2344;2345;2346;2347;2350;2351;2352;2355;2357;2358;2359;2360;2361;2362;2366;2368;2369;2370;2371;2372;2373;2374;2375;2376;2377;2378;2379;2380;2381;2382;2383;2384;2385;2386;2389;2391;2392;2393;2395;2396;2397;2399;2400;2401;2403;2405;2407;2409;2413;2414;2415;2416;2417;2418;2419;2420;2421;2422;2423;2424;2426;2428;2429;2430;2431;2432;2433;2434;2435;2436;2438;2439;2443;2444;2445;2446;2447;2449;2450;2451;2452;2453;2454;2455;2456;2459;2460;2461;2462;2463;2464;2465;2466;2467;2468;2472;2473;2474;2475;2477;2478;2480;2481;2482;2483;2484;2486;2487;2488;2491;2496;2497;2498;2499;2500;2501;2502;2503;2504;2505;2509;2510;2511;2512;2513;2515;2516;2517;2518;2520;2522;2523;2524;2525;2526;2527;2528;2530;2531;2532;2533;2534;2537;2538;2539;2540;2541;2542;2543;2544;2546;2548;2549;2550;2551;2552;2554;2555;2556;2562;2563;2564;2565;2566;2567;2569;2571;2572;2575;2576;2577;2579;2580;2581;2582;2583;2585;2586;2588;2592;2594;2595;2596;2599;2600;2601;2602;2603;2605;2608;2609;2610;2611;2612;2613;2614;2618;2620;2625;2627;2628;2629;2630;2632;2636;2637;2639;2640;2641;2642;2643;2644;2645;2646;2647;2648;2649;2650;2651;2652;2653;2654;2655;2656;2657;2658;2659;2660;2661;2662;2663;2664;2665;2666;2669;2673;2674;2675;2677;2680;2682;2683;2684;2685;2686;2687;2688;2691;2692;2693;2694;2695;2696;2697;2698;2699;2700;2702;2703;2705;2706;2707;2708;2709;2711;2712;2713;2714;2715;2717;2718;2719;2720;2721;2723;2724;2725;2726;2727;2728;2729;2730;2732;2733;2734;2735;2736;2738;2739;2742;2743;2745;2747;2748;2749;2750;2751;2752;2753;2754;2756;2757;2758;2759;2760;2761;2762;2764;2766;2767;2768;2769;2770;2771;2772;2774;2775;2776;2777;2778;2779;2780;2782;2783;2784;2785;2786;2787;2788;2789;2790;2791;2792;2793;2794;2795;2796;2797;2798;2799;2800;2801;2802;2803;2804;2805;2806;2807;2809;2810;2811;2812;2814;2816;2817;2818;2819;2821;2822;2823;2824;2826;2828;2829;2833;2834;2835;2837;2838;2839;2841;2845;2848;2849;2850;2852;2853;2854;2855;2856;2857;2858;2859;2860;2862;2863;2864;2865;2867;2869;2870;2871;2873;2874;2875;2876;2877;2878;2880;2881;2885;2886;2891;2892;2893;2894;2895;2896;2897;2898;2899;2900;2901;2902;2903;2904;2905;2906;2908;2911;2912;2913;2914;2916;2917;2918;2921;2922;2923;2924;2925;2926;2930;2931;2932;2934;2936;2937;2938;2939;2940;2941;2942;2943;2944;2945;2946;2947;2950;2951;2952;2953;2954;2957;2958;2959;2960;2961;2963;2964;2965;2966;2967;2968;2970;2972;2973;2975;2976;2977;2978;2979;2980;2981;2983;2984;2987;2988;2990;2991;2992;2993;2994;2995;2996;2997;2998;2999;3000;3003;3004;3005;3007;3009;3011;3013;3014;3018;3020;3021;3022;3023;3024;3025;3026;3029;3030;3031;3033;3034;3035;3036;3037;3038;3039;3041;3042;3043;3044;3045;3047;3048;3049;3050;3051;3052;3053;3054;3055;3057;3058;3059;3060;3061;3062;3063;3065;3067;3068;3069;3070;3071;3072;3073;3074;3075;3076;3077;3078;3079;3080;3081;3082;3083;3084;3085;3086;3088;3089;3090;3091;3092;3093;3094;3095;3096;3097;3098;3099;3100;3101;3102;3104;3105;3108;3110;3111;3112;3113;3114;3115;3116;3118;3119;3120;3121;3122;3123;3124;3127;3128;3129;3130;3131;3132;3133;3134;3135;3137;3139;3140;3141;3142;3144;3145;3146;3147;3148;3149;3150;3151;3152;3153;3155;3156;3157;3158;3159;3160;3163
../datasets/Big5/2017-2018\misc.csv,13;18;20;58;63;66;70;83;87;93;102;111;113;117;122;128;132;171;187;190;213;223;237;241;242;251;258;260;261;279;289;304;305;319;324;329;337;341;353;358;371;375;382;387;388;391;393;411;413;435;442;457;461;473;476;477;478;488;492;493;497;507;510;524;534;535;543;562;564;571;581;583;585;587;611;616;656;666;675;694;696;697;701;703;710;712;713;722;728;729;742;749;762;785;790;806;812;818;834;835;838;841;856;875;895;898;909;915;918;922;923;927;938;940;948;950;953;964;971;980;987;988;995;999;1011;1016;1017;1020;1032;1040;1043;1049;1056;1067;1073;1082;1092;1093;1107;1109;1115;1123;1144;1155;1171;1172;1174;1181;1201;1213;1228;1245;1252;1257;1258;1263;1265;1305;1324;1329;1333;1341;1351;1354;1357;1364;1369;1397;1411;1418;1432;1437;1439;1452;1455;1458;1465;1466;1468;1484;1485;1490;1492;1496;1511;1523;1542;1546;1567;1568;1574;1585;1593;1595;1596;1603;1608;1618;1625;1634;1648;1661;1664;1669;1689;1714;1724;1726;1731;1735;1736;1754;1755;1756;1759;1761;1763;1777;1780;1787;1795;1796;1801;1816;1818;1823;1830;1835;1840;1847;1867;1871;1875;1881;1887;1894;1900;1907;1911;1917;1929;1932;1953;1956;1975;1976;1997;2000;2001;2009;2014;2016;2018;2022;2023;2029;2038;2045;2054;2072;2074;2083;2093;2095;2098;2109;2122;2138;2153;2158;2161;2162;2169;2172;2180;2201;2205;2206;2211;2243;2246;2250;2263;2274;2275;2276;2284;2300;2312;2323;2324;2327;2329;2337;2345;2346;2351;2354;2355;2363;2366;2369;2374;2381;2384;2389;2400;2402;2413;2417;2422;2429;2432;2438;2449;2464;2475;2490;2498;2501;2505;2506;2507;2511;2512;2516;2523;2525;2543;2548;2573;2577;2583;2584;2611;2612;2619;2639;2640;2650;2671;2672;2674;2677;2679;2690
../datasets/Big5/2018-2019\keepers.csv,0;2;5;10;17;21;28;29;33;34;36;43;46;48;50;57;61;62;64;66;68;72;74;84;88;92;94;108;111;117;119;123;126;130;137;140;142;143;144;145;146;153;155;156;157;161;167;169;173;179;183;187;188;190;194;196;199;200
../datasets/Big5/2018-2019\keepersadv.csv,43;126;130;143;144;156
../datasets/Big5/2018-2019\shooting.csv,0;3;6;12;14;16;17;20;25;27;30;31;36;38;39;54;55;57;58;61;62;64;70;71;75;84;85;92;94;106;113;114;117;120;123;128;131;135;146;147;155;167;168;171;175;182;186;192;195;196;198;202;204;207;214;216;217;220;221;226;230;241;243;246;248;264;266;267;271;274;277;278;280;282;291;292;295;296;298;304;308;313;314;318;319;320;322;324;329;330;333;335;340;341;343;345;348;351;357;358;362;367;369;370;372;373;375;378;380;383;384;386;389;394;401;405;406;418;423;425;428;429;438;441;454;455;465;470;475;479;482;486;489;492;493;494;498;499;502;504;506;510;511;512;516;520;530;535;538;540;541;542;544;549;553;562;563;565;568;570;571;572;573;574;580;587;589;593;599;605;607;610;623;632;635;641;642;645;648;650;655;660;668;670;673;675;678;680;681;682;685;686;687;695;697;698;700;702;706;710;714;716;719;727;729;733;735;737;753;755;761;763;764;768;769;770;771;785;788;793;794;795;800;803;809;810;814;817;819;820;825;826;828;832;836;840;841;843;844;851;854;855;856;863;864;867;871;872;877;879;881;884;888;894;903;913;914;916;918;930;931;936;937;941;943;951;953;971;973;976;980;983;984;991;995;998;1000;1001;1002;1006;1012;1015;1019;1021;1024;1025;1027;1031;1038;1039;1044;1047;1048;1049;1057;1069;1070;1073;1079;1082;1083;1084;1085;1086;1088;1094;1099;1106;1107;1108;1113;1116;1120;1129;1130;1133;1134;1135;1136;1137;1142;1146;1147;1152;1154;1156;1158;1163;1164;1165;1173;1174;1176;1178;1179;1184;1191;1196;1198;1205;1208;1209;1216;1225;1229;1231;1235;1236;1237;1238;1239;1240;1244;1252;1253;1262;1270;1278;1279;1283;1290;1294;1296;1300;1304;1311;1331;1332;1334;1335;1338;1340;1346;1354;1358;1360;1361;1370;1371;1376;1383;1386;1389;1397;1399;1401;1412;1414;1420;1425;1427;1430;1435;1436;1438;1439;1440;1445;1447;1454;1455;1456;1462;1463;1464;1465;1466;1473;1475;1476;1483;1495;1498;1499;1508;1509;1510;1518;1522;1525;1528;1531;1546;1548;1549;1550;1554;1556;1563;1564;1565;1571;1572;1575;1576;1577;1579;1583;1584;1585;1590;1591;1608;1610;1612;1614;1618;1626;1628;1629;1631;1635;1637;1638;1642;1643;1647;1658;1659;1661;1662;1664;1668;1669;1678;1679;1684;1686;1689;1693;1696;1700;1706;1710;1713;1714;1715;1717;1721;1728;1732;1736;1738;1740;1741;1742;1743;1747;1750;1752;1755;1756;1758;1761;1763;1764;1765;1777;1786;1787;1788;1789;1790;1791;1793;1795;1799;1802;1805;1812;1814;1815;1816;1817;1821;1822;1823;1827;1833;1837;1840;1844;1845;1849;1854;1855;1863;1865;1875;1879;1880;1883;1887;1892;1894;1895;1897;1898;1901;1902;1905;1910;1913;1917;1922;1926;1932;1933;1934;1942;1943;1944;1945;1949;1950;1951;1953;1959;1963;1965;1966;1968;1972;1975;1982;1990;1993;1994;1996;1997;2001;2002;2006;2008;2009;2014;2015;2018;2020;2022;2031;2034;2038;2039;2040;2041;2044;2047;2048;2050;2054;2057;2058;2059;2062;2065;2067;2068;2069;2073;2084;2086;2087;2094;2100;2104;2115;2116;2119;2125;2128;2130;2133;2139;2140;2141;2142;2143;2145;2149;2152;2155;2157;2158;2159;2165;2167;2170;2179;2181;2192;2198;2205;2210;2211;2214;2217;2223;2225;2226;2228;2233;2235;2236;2237;2240;2242;2244;2245;2247;2250;2251;2252;2254;2256;2261;2265;2268;2273;2275;2276;2277;2280;2282;2283;2286;2288;2292;2294;2295;2299;2303;2304;2307;2308;2310;2315;2317;2318;2322;2323;2327;2329;2330;2331;2332;2334;2335;2336;2338;2344;2347;2349;2358;2361;2368;2373;2374;2385;2386;2391;2392;2396;2398;2400;2403;2404;2411;2412;2413;2419;2420;2428;2430;2431;2434;2444;2446;2452;2453;2465;2466;2468;2471;2472;2474;2475;2479;2480;2483;2487;2488;2490;2492;2493;2502;2508;2511;2516;2519;2520;2521;2523;2527;2533;2540;2541;2542;2548;2551;2553;2562;2564;2566;2580;2588;2591;2592;2593;2596;2611;2614;2621;2632;2634;2635;2637;2639;2640;2652;2654
../datasets/Big5/2018-2019\passing.csv,3;31;54;75;84;85;92;106;113;146;196;291;296;298;304;308;340;386;394;405;406;418;429;455;465;475;516;548;565;568;572;573;598;648;655;687;700;825;851;863;866;879;894;977;985;1000;1002;1006;1012;1086;1099;1142;1151;1154;1173;1178;1208;1225;1231;1262;1287;1332;1340;1361;1436;1473;1495;1554;1564;1591;1618;1629;1630;1638;1664;1669;1683;1689;1710;1715;1717;1732;1789;1798;1805;1837;1841;1899;1917;1950;1951;1963;1972;1975;1990;2001;2006;2039;2069;2087;2094;2125;2136;2143;2145;2152;2155;2167;2195;2237;2250;2256;2303;2329;2330;2331;2335;2344;2347;2380;2385;2417;2419;2420;2472;2516;2542;2553;2634;2635;2652
../datasets/Big5/2018-2019\defense.csv,3;12;31;54;71;84;85;94;113;114;117;128;135;146;186;196;207;214;224;241;274;277;295;296;298;304;308;313;324;341;362;373;375;378;386;394;401;405;406;410;418;425;429;454;455;470;475;480;489;494;502;516;520;535;548;565;572;584;598;623;625;635;641;648;655;681;687;697;698;700;702;714;769;770;793;810;825;826;836;851;856;866;879;881;894;902;903;916;921;936;941;973;976;977;983;991;995;1000;1006;1012;1038;1047;1069;1085;1086;1099;1106;1129;1133;1137;1146;1147;1154;1173;1178;1179;1191;1208;1214;1225;1231;1235;1236;1237;1239;1240;1262;1278;1279;1311;1332;1338;1340;1361;1414;1430;1441;1462;1465;1473;1483;1508;1518;1531;1549;1554;1556;1564;1583;1584;1614;1618;1629;1630;1635;1638;1647;1658;1664;1669;1683;1689;1690;1693;1710;1715;1717;1728;1732;1738;1740;1741;1750;1755;1758;1761;1764;1779;1789;1793;1798;1802;1805;1812;1821;1844;1845;1850;1854;1865;1894;1898;1899;1917;1922;1926;1943;1949;1950;1951;1963;1965;1972;1982;1990;1993;2001;2014;2034;2035;2039;2050;2062;2067;2069;2073;2084;2087;2094;2119;2125;2128;2130;2140;2143;2145;2149;2152;2155;2159;2167;2170;2181;2195;2211;2225;2235;2236;2237;2240;2245;2250;2256;2268;2277;2282;2285;2286;2292;2295;2303;2308;2323;2329;2331;2335;2338;2344;2358;2369;2380;2385;2386;2396;2412;2413;2417;2420;2430;2431;2466;2468;2474;2479;2511;2516;2541;2542;2543;2548;2564;2573;2580;2584;2591;2601;2604;2611;2634;2639;2652
../datasets/Big5/2018-2019\possession.csv,12;54;58;62;71;75;84;85;90;92;113;114;117;128;135;146;186;196;207;214;220;226;230;241;246;248;264;266;271;274;277;280;281;292;296;298;304;308;313;319;324;341;345;363;370;373;375;378;386;387;389;394;396;401;405;418;425;429;441;447;465;475;482;489;502;504;516;520;541;548;553;565;573;574;580;587;598;635;641;642;648;655;660;673;675;681;696;697;700;702;703;710;714;737;739;749;753;755;759;763;768;769;770;793;802;809;810;825;826;828;836;840;851;856;863;866;867;879;881;884;894;903;916;918;921;930;937;941;946;969;973;977;983;991;998;1000;1006;1018;1021;1025;1027;1031;1044;1047;1069;1085;1086;1088;1094;1099;1106;1133;1135;1136;1137;1142;1143;1146;1151;1154;1156;1178;1179;1191;1214;1225;1229;1231;1237;1240;1260;1262;1278;1283;1311;1340;1346;1354;1361;1386;1389;1408;1412;1414;1420;1425;1435;1436;1440;1442;1462;1463;1465;1498;1510;1518;1522;1549;1554;1571;1575;1579;1584;1591;1608;1614;1618;1629;1635;1638;1642;1658;1664;1668;1669;1683;1700;1702;1710;1714;1715;1717;1720;1721;1728;1732;1735;1740;1747;1749;1751;1755;1758;1763;1777;1789;1805;1817;1821;1822;1837;1840;1845;1849;1854;1863;1865;1879;1894;1897;1926;1927;1932;1942;1943;1949;1950;1951;1963;1965;1968;1972;1982;1990;1993;1994;2001;2031;2034;2035;2039;2047;2050;2054;2067;2068;2069;2073;2084;2086;2087;2094;2107;2119;2125;2130;2139;2140;2142;2143;2145;2149;2152;2155;2170;2181;2195;2198;2233;2235;2236;2237;2245;2247;2250;2251;2252;2256;2277;2282;2283;2284;2292;2295;2315;2317;2323;2327;2329;2331;2335;2337;2338;2344;2347;2349;2374;2380;2385;2386;2391;2392;2396;2400;2412;2413;2420;2437;2446;2465;2466;2468;2472;2474;2479;2488;2492;2511;2513;2516;2519;2520;2542;2548;2554;2555;2564;2580;2584;2592;2599;2601;2611;2614;2634;2637;2639;2652
../datasets/Big5/2018-2019\playingtime.csv,0;1;3;4;5;7;8;10;13;19;20;26;34;36;38;39;41;43;55;57;58;61;62;63;65;66;68;69;74;76;78;80;81;82;84;88;91;93;94;95;96;97;98;100;104;105;107;108;111;113;117;121;122;129;130;131;132;134;135;138;140;141;145;146;149;150;154;156;157;161;163;165;167;175;176;177;179;180;182;189;193;194;195;196;203;205;206;210;212;214;216;217;218;226;227;228;232;233;238;244;246;247;251;252;253;257;258;262;264;265;266;267;269;270;273;275;280;283;285;286;288;289;292;297;299;303;305;310;312;313;314;315;316;317;318;319;321;322;323;325;327;328;332;334;340;341;344;345;347;351;353;354;358;360;361;362;369;370;375;378;381;382;385;389;391;392;395;396;397;398;403;404;405;407;412;413;414;417;419;421;423;424;425;429;430;431;434;436;437;438;440;441;443;446;451;454;459;460;464;467;469;470;471;472;473;474;477;478;479;481;485;487;489;492;494;495;496;497;498;500;501;502;503;505;506;508;509;512;516;517;518;521;522;528;535;536;537;538;539;541;544;546;549;550;553;555;560;563;564;565;571;575;579;581;583;587;588;591;592;593;594;595;596;600;601;602;603;606;609;613;614;615;621;627;630;632;634;636;638;640;643;646;651;654;655;660;663;665;666;667;669;671;673;675;676;677;678;679;684;685;689;691;695;697;699;706;707;712;713;715;716;718;724;727;733;737;740;741;746;752;757;760;765;768;771;772;775;776;781;787;789;790;793;795;798;799;803;804;806;814;815;816;818;821;822;823;824;826;828;830;833;834;837;839;849;854;856;859;863;864;870;871;875;877;879;881;882;883;885;891;894;895;896;901;902;904;905;908;910;912;915;916;920;926;928;929;930;936;937;947;953;956;958;960;963;965;967;968;974;977;980;983;984;989;990;993;994;998;1000;1001;1002;1003;1006;1010;1012;1013;1014;1018;1022;1026;1028;1029;1032;1033;1034;1037;1043;1045;1046;1047;1049;1051;1056;1057;1060;1063;1071;1072;1073;1076;1077;1081;1087;1089;1093;1095;1098;1101;1106;1108;1109;1111;1112;1114;1115;1121;1125;1129;1131;1137;1139;1140;1141;1143;1147;1148;1149;1150;1151;1156;1157;1158;1162;1164;1167;1168;1169;1172;1174;1180;1181;1186;1191;1195;1201;1202;1204;1208;1209;1210;1211;1213;1219;1222;1229;1236;1238;1239;1240;1241;1243;1246;1247;1249;1251;1256;1258;1260;1261;1263;1269;1270;1273;1274;1275;1276;1280;1285;1290;1300;1303;1308;1311;1315;1318;1320;1323;1324;1326;1328;1331;1334;1336;1338;1339;1343;1353;1356;1357;1358;1360;1361;1363;1364;1369;1370;1375;1387;1388;1389;1392;1394;1399;1400;1402;1404;1410;1413;1414;1418;1419;1420;1424;1425;1426;1427;1429;1430;1431;1432;1435;1436;1442;1445;1447;1448;1449;1450;1452;1453;1457;1458;1461;1464;1465;1467;1469;1473;1474;1477;1478;1480;1481;1482;1484;1486;1493;1497;1500;1502;1503;1509;1510;1513;1517;1520;1521;1525;1526;1530;1531;1538;1540;1541;1542;1545;1546;1547;1548;1551;1552;1553;1559;1564;1565;1567;1569;1572;1573;1575;1578;1580;1588;1592;1594;1596;1597;1600;1601;1611;1612;1613;1616;1620;1627;1631;1633;1639;1645;1649;1650;1652;1653;1657;1658;1661;1662;1663;1671;1675;1676;1681;1688;1692;1695;1698;1699;1702;1703;1708;1709;1714;1716;1720;1722;1723;1724;1725;1727;1731;1735;1738;1739;1742;1744;1746;1749;1750;1751;1752;1754;1755;1756;1758;1767;1768;1769;1770;1771;1775;1776;1778;1779;1782;1783;1784;1790;1791;1795;1797;1798;1800;1806;1809;1812;1814;1815;1819;1823;1824;1825;1828;1829;1831;1835;1836;1837;1839;1842;1844;1848;1849;1854;1855;1859;1863;1866;1872;1874;1876;1877;1878;1879;1880;1882;1885;1886;1887;1888;1895;1896;1897;1898;1902;1903;1907;1909;1910;1911;1912;1915;1917;1918;1923;1924;1925;1927;1934;1935;1936;1937;1940;1941;1946;1947;1948;1949;1951;1953;1954;1961;1965;1967;1968;1972;1975;1977;1978;1980;1981;1985;1986;1991;1992;1994;1995;2002;2004;2006;2007;2010;2011;2015;2016;2018;2019;2023;2025;2026;2028;2031;2033;2034;2035;2042;2043;2045;2047;2049;2050;2052;2053;2054;2055;2064;2065;2066;2069;2075;2078;2080;2081;2083;2084;2085;2090;2092;2095;2096;2097;2098;2099;2102;2103;2104;2105;2118;2119;2122;2124;2127;2128;2131;2132;2133;2134;2136;2140;2145;2149;2150;2151;2152;2153;2164;2168;2169;2170;2171;2172;2173;2181;2186;2190;2192;2196;2197;2199;2202;2204;2210;2211;2212;2214;2217;2219;2221;2222;2225;2226;2227;2228;2234;2235;2236;2239;2240;2246;2248;2249;2251;2252;2256;2257;2258;2259;2260;2261;2262;2264;2271;2272;2274;2275;2276;2278;2282;2284;2286;2287;2292;2295;2296;2298;2304;2306;2308;2309;2310;2313;2314;2316;2318;2321;2323;2325;2327;2329;2330;2333;2334;2335;2337;2341;2342;2343;2348;2351;2353;2354;2356;2357;2361;2362;2363;2366;2367;2370;2376;2378;2379;2380;2383;2386;2387;2388;2389;2390;2395;2396;2397;2398;2402;2408;2411;2413;2415;2416;2417;2418;2419;2421;2422;2427;2430;2432;2440;2443;2444;2445;2446;2449;2451;2452;2454;2458;2459;2463;2464;2465;2467;2470;2471;2473;2474;2476;2478;2479;2480;2482;2483;2484;2485;2486;2492;2494;2495;2498;2500;2501;2502;2507;2508;2511;2512;2515;2526;2527;2530;2531;2543;2546;2550;2551;2556;2561;2562;2564;2566;2567;2574;2578;2580;2582;2584;2588;2590;2592;2595;2597;2600;2601;2603;2604;2605;2608;2612;2613;2615;2617;2620;2633;2634;2637;2638;2639;2642;2643;2645;2649;2650;2651;2652;2653;2657;2658;2661;2662;2667;2668;2669;2670;2671;2673;2677;2682;2684;2686;2687;2688;2692;2693;2694;2696;2697;2699;2700;2701;2702;2703;2705;2707;2708;2710;2711;2717;2719;2720;2721;2723;2724;2729;2731;2732;2733;2736;2738;2739;2742;2743;2748;2749;2750;2755;2756;2761;2763;2764;2765;2767;2773;2774;2775;2776;2779;2782;2783;2786;2789;2790;2793;2795;2799;2800;2801;2807;2809;2810;2815;2816;2817;2818;2821;2822;2823;2825;2826;2829;2832;2835;2839;2844;2847;2853;2859;2860;2861;2863;2865;2867;2868;2870;2871;2872;2873;2874;2875;2876;2878;2888;2889;2890;2894;2896;2900;2907;2910;2911;2916;2921;2922;2924;2925;2928;2931;2932;2937;2942;2944;2947;2948;2949;2951;2952;2953;2954;2955;2956;2959;2960;2963;2964;2968;2972;2980;2982;2983;2986;2988;2991;2995;3000;3004;3005;3006;3007;3008;3010;3017;3026;3027;3030;3031;3034;3036;3038;3039;3041;3042;3044;3045;3051;3052;3064;3067;3068;3069;3071;3073;3074;3075;3078;3079;3080;3081;3088;3089;3090
../datasets/Big5/2018-2019\misc.csv,3;12;54;57;58;62;71;84;92;94;106;114;123;128;135;146;168;186;196;202;214;230;241;246;248;258;264;266;274;277;291;292;295;296;298;304;319;324;329;333;340;341;345;367;372;373;375;378;389;394;401;405;406;410;425;428;429;438;441;454;455;475;480;489;502;504;510;516;535;538;541;553;568;570;573;580;627;641;648;655;660;673;678;681;685;697;698;702;706;714;729;734;755;763;764;769;770;785;793;794;810;825;828;836;863;867;879;881;884;894;903;916;918;921;930;941;973;977;983;991;995;1001;1006;1009;1018;1021;1025;1031;1039;1044;1047;1057;1069;1085;1086;1098;1106;1129;1133;1146;1154;1156;1158;1173;1176;1178;1179;1191;1205;1208;1214;1225;1229;1231;1235;1237;1240;1262;1278;1304;1311;1332;1338;1340;1354;1361;1376;1389;1408;1412;1414;1425;1430;1435;1439;1440;1462;1465;1483;1498;1518;1531;1549;1556;1583;1584;1608;1614;1618;1629;1635;1638;1647;1658;1664;1683;1693;1706;1715;1728;1732;1740;1755;1761;1763;1789;1802;1805;1817;1821;1822;1833;1841;1845;1849;1879;1883;1892;1894;1897;1917;1922;1926;1932;1940;1943;1949;1950;1951;1965;1966;1968;1972;1982;1990;1993;1994;2001;2014;2022;2039;2040;2050;2054;2058;2067;2068;2069;2073;2084;2086;2087;2119;2125;2130;2133;2139;2140;2142;2143;2149;2152;2155;2167;2170;2233;2235;2236;2240;2245;2247;2282;2288;2292;2295;2303;2313;2318;2322;2323;2327;2330;2331;2335;2338;2344;2347;2358;2368;2374;2385;2386;2391;2400;2411;2412;2413;2437;2465;2466;2472;2474;2479;2487;2488;2511;2541;2548;2553;2580;2592;2601;2611;2634;2635;2637;2639;2640;2642;2652
../datasets/Big5/2019-2020\keepers.csv,0;1;2;3;5;6;7;8;13;19;22;23;25;28;29;31;36;38;42;49;56;58;63;66;73;75;76;82;83;86;99;102;103;111;115;116;117;119;121;123;129;132;136;139;140;142;155;160;161;178;182;183;187;191;193;196;198;200;201
../datasets/Big5/2019-2020\keepersadv.csv,22;25;136;142;161;183
../datasets/Big5/2019-2020\shooting.csv,5;13;16;18;22;23;28;32;33;34;37;40;54;57;59;61;66;67;68;72;75;80;84;89;91;94;95;97;102;103;104;106;108;109;111;115;117;118;120;125;126;127;128;134;137;138;140;145;152;157;159;160;164;166;167;170;176;177;178;182;190;194;198;201;211;213;216;219;222;231;234;237;238;244;245;253;255;257;258;259;261;263;266;268;274;278;280;281;285;287;291;299;303;305;308;309;312;314;318;320;325;328;331;332;333;336;341;343;346;351;356;359;361;364;367;368;373;377;378;381;382;385;386;390;393;394;398;400;401;402;404;406;408;413;418;419;421;431;433;435;442;451;455;457;461;464;467;479;480;487;488;489;490;496;499;501;502;508;509;515;516;518;519;522;525;527;528;529;530;533;534;538;542;543;548;549;553;566;572;574;575;582;587;591;592;596;601;604;605;606;608;611;613;615;616;617;620;622;635;641;645;646;647;649;681;682;689;691;699;702;705;710;713;716;721;723;724;727;728;731;732;735;738;739;740;757;759;765;767;776;785;789;800;802;804;805;807;809;810;811;814;815;826;830;832;837;838;839;840;841;852;857;862;874;875;877;878;879;880;881;882;885;886;887;889;892;896;897;900;906;915;921;926;929;931;932;934;937;944;946;949;952;953;962;965;966;968;969;971;972;974;978;979;981;984;985;987;994;995;996;1005;1009;1012;1014;1016;1018;1025;1026;1027;1028;1031;1032;1034;1035;1039;1042;1043;1044;1055;1059;1060;1067;1070;1072;1074;1083;1090;1092;1097;1100;1104;1105;1107;1113;1115;1116;1117;1119;1127;1133;1134;1143;1146;1148;1150;1152;1153;1155;1165;1166;1167;1168;1171;1172;1179;1181;1183;1184;1185;1187;1190;1193;1195;1197;1199;1202;1203;1210;1211;1213;1218;1219;1223;1227;1235;1245;1248;1249;1252;1253;1258;1261;1262;1268;1271;1272;1281;1284;1287;1288;1293;1295;1296;1302;1309;1313;1317;1318;1319;1321;1322;1324;1327;1346;1347;1356;1357;1361;1367;1373;1374;1378;1381;1386;1387;1388;1392;1393;1396;1397;1399;1401;1402;1404;1410;1414;1418;1419;1430;1431;1433;1439;1440;1441;1446;1448;1451;1452;1453;1454;1456;1457;1460;1462;1465;1466;1468;1469;1478;1484;1486;1487;1495;1500;1502;1505;1513;1514;1523;1524;1528;1530;1532;1533;1541;1542;1543;1544;1547;1548;1549;1550;1552;1561;1562;1563;1564;1567;1568;1570;1571;1573;1578;1581;1596;1598;1600;1604;1609;1613;1625;1635;1640;1642;1645;1646;1651;1653;1658;1664;1672;1674;1678;1686;1689;1690;1691;1694;1699;1700;1707;1708;1710;1711;1712;1714;1715;1719;1722;1723;1726;1728;1730;1731;1735;1739;1740;1741;1742;1744;1745;1746;1749;1750;1751;1752;1758;1761;1764;1765;1766;1767;1773;1775;1781;1782;1783;1789;1790;1791;1796;1800;1805;1807;1810;1811;1812;1818;1819;1823;1824;1825;1828;1830;1836;1839;1841;1844;1846;1850;1855;1859;1862;1863;1865;1872;1873;1875;1878;1880;1881;1885;1886;1888;1892;1897;1899;1903;1904;1906;1909;1911;1913;1914;1916;1918;1923;1925;1926;1927;1930;1931;1932;1934;1936;1948;1952;1953;1957;1959;1963;1964;1968;1969;1973;1974;1975;1976;1977;1978;1979;1980;1984;1985;1988;1991;1994;1996;1999;2006;2007;2012;2014;2015;2017;2018;2023;2032;2037;2044;2046;2048;2053;2055;2063;2065;2066;2067;2069;2073;2078;2081;2082;2085;2086;2087;2091;2093;2097;2101;2103;2107;2108;2113;2115;2119;2120;2121;2122;2123;2125;2128;2129;2135;2143;2144;2146;2148;2150;2155;2156;2157;2163;2166;2167;2168;2169;2170;2173;2175;2179;2180;2185;2186;2188;2189;2191;2196;2198;2202;2206;2207;2210;2212;2213;2214;2217;2228;2230;2233;2234;2238;2250;2252;2273;2276;2277;2278;2283;2285;2290;2296;2298;2304;2306;2308;2310;2315;2318;2321;2323;2327;2328;2329;2331;2333;2336;2338;2340;2341;2349;2351;2353;2358;2359;2365;2366;2367;2368;2376;2383;2385;2391;2394;2396;2407;2409;2417;2420;2422;2423;2424;2425;2426;2429;2433;2434;2436;2438;2442;2444;2446;2447;2449;2451;2453;2454;2457;2462;2465;2467;2469;2473;2475;2478;2479;2483;2486;2492;2506;2514;2525;2529;2530;2531;2533;2534;2538;2539;2540;2543;2544;2545;2546;2550;2551;2552;2558;2562;2563;2564;2568;2569;2571;2580;2582;2583;2585;2588;2591;2593;2596;2607;2610;2615;2617;2618;2620;2622;2623;2624;2628;2629;2632;2633;2634;2640;2641;2642;2643;2645;2649;2650;2661;2670;2676;2678;2682;2686;2693;2695;2698;2707;2709;2710;2711;2712;2718;2720;2727;2728;2730;2731
../datasets/Big5/2019-2020\passing.csv,34;87;97;104;120;157;159;160;178;216;219;233;259;281;303;328;332;356;368;382;390;405;431;480;515;525;527;528;530;534;543;601;604;606;615;622;641;665;738;767;804;807;814;874;886;892;995;1012;1027;1034;1059;1099;1104;1111;1146;1155;1179;1195;1252;1287;1288;1342;1349;1356;1399;1462;1475;1543;1565;1570;1598;1658;1686;1690;1691;1694;1708;1711;1722;1740;1741;1751;1752;1766;1767;1790;1791;1795;1819;1828;1836;1859;1886;1899;1911;1936;1952;1964;1985;1999;2012;2014;2015;2036;2065;2073;2074;2078;2101;2113;2135;2143;2146;2155;2170;2180;2202;2228;2238;2252;2267;2304;2315;2336;2347;2365;2367;2387;2394;2417;2422;2426;2433;2446;2460;2469;2472;2478;2483;2563;2571;2582;2628;2649;2698;2711;2730
../datasets/Big5/2019-2020\defense.csv,13;19;34;54;59;67;84;87;97;104;117;118;159;167;178;190;222;231;235;238;244;274;281;287;295;303;325;328;332;343;356;361;364;368;378;385;386;390;402;405;431;433;442;461;467;480;487;502;509;516;521;522;525;527;528;529;530;534;538;542;543;572;582;596;601;606;608;615;622;641;646;665;678;682;684;691;705;710;721;725;738;765;767;785;789;798;804;805;807;810;814;840;841;886;897;903;931;934;949;966;972;987;994;995;1009;1012;1034;1035;1059;1070;1074;1092;1099;1100;1111;1115;1117;1134;1146;1155;1165;1166;1167;1179;1190;1195;1199;1210;1221;1236;1248;1252;1253;1287;1313;1318;1322;1347;1349;1381;1387;1397;1399;1404;1431;1436;1448;1459;1462;1486;1505;1519;1533;1542;1543;1549;1554;1561;1562;1565;1567;1568;1570;1590;1598;1605;1609;1613;1635;1640;1645;1653;1658;1690;1691;1708;1710;1711;1715;1719;1722;1726;1731;1740;1741;1745;1750;1751;1764;1766;1767;1773;1789;1791;1796;1807;1811;1812;1818;1825;1828;1830;1836;1839;1850;1855;1859;1873;1875;1878;1885;1886;1897;1899;1911;1920;1925;1927;1934;1936;1952;1953;1959;1963;1968;1975;1976;1980;1984;1985;1988;1999;2012;2014;2015;2023;2046;2048;2053;2065;2074;2082;2086;2103;2107;2113;2122;2125;2143;2146;2155;2166;2170;2175;2179;2180;2191;2196;2228;2238;2252;2267;2274;2285;2301;2304;2310;2321;2333;2336;2338;2341;2351;2359;2365;2367;2370;2374;2383;2394;2396;2405;2419;2422;2426;2433;2434;2436;2451;2460;2462;2469;2473;2475;2478;2483;2516;2525;2533;2545;2550;2551;2558;2562;2563;2571;2591;2610;2615;2618;2628;2645;2649;2650;2660;2661;2686;2698;2710;2711;2712;2728
../datasets/Big5/2019-2020\possession.csv,13;18;22;34;59;61;67;80;89;103;104;117;118;120;125;134;157;159;160;167;172;178;190;205;216;219;222;231;237;238;244;253;257;258;259;274;280;285;303;305;308;310;320;328;333;343;356;359;364;368;385;386;390;398;400;402;418;422;431;433;435;451;461;480;489;499;505;516;519;521;525;527;528;529;530;534;538;542;543;553;572;574;577;579;582;587;591;596;601;604;606;608;613;615;616;617;622;641;646;681;682;691;710;716;721;725;728;735;738;740;759;767;785;794;804;805;807;810;814;830;840;841;886;897;898;900;903;914;926;931;934;951;959;966;969;972;984;985;987;994;995;1012;1018;1034;1039;1043;1059;1067;1070;1072;1074;1092;1099;1100;1104;1113;1115;1116;1119;1127;1146;1166;1168;1172;1179;1191;1195;1197;1205;1210;1211;1213;1235;1248;1256;1276;1287;1313;1318;1322;1324;1325;1346;1347;1349;1356;1358;1381;1382;1388;1397;1404;1418;1430;1446;1453;1456;1459;1462;1469;1484;1486;1497;1502;1505;1530;1542;1543;1544;1549;1552;1561;1562;1563;1567;1568;1570;1581;1600;1613;1642;1653;1675;1681;1686;1691;1694;1708;1711;1715;1719;1722;1731;1740;1741;1751;1752;1760;1764;1766;1767;1773;1789;1791;1807;1812;1819;1830;1836;1839;1841;1850;1855;1859;1865;1872;1875;1886;1888;1897;1899;1904;1909;1910;1911;1914;1923;1925;1927;1934;1936;1948;1952;1953;1959;1963;1964;1969;1973;1975;1976;1985;1988;1999;2006;2012;2014;2015;2018;2023;2046;2048;2055;2063;2065;2069;2081;2082;2085;2086;2087;2097;2101;2103;2113;2122;2123;2129;2135;2143;2146;2155;2163;2166;2170;2173;2177;2179;2180;2181;2185;2188;2191;2198;2202;2210;2214;2228;2232;2238;2252;2267;2274;2276;2283;2285;2290;2296;2306;2310;2329;2336;2338;2341;2351;2359;2365;2368;2370;2375;2383;2394;2396;2433;2436;2438;2442;2449;2451;2460;2465;2467;2469;2473;2474;2475;2478;2483;2525;2531;2533;2534;2545;2550;2551;2558;2563;2571;2588;2607;2610;2615;2624;2628;2629;2649;2661;2682;2686;2718;2730
../datasets/Big5/2019-2020\playingtime.csv,0;1;2;3;4;11;15;16;18;20;21;23;24;27;30;39;42;43;44;48;50;52;53;59;61;64;66;68;69;70;72;74;77;80;81;83;89;94;95;98;104;107;111;114;117;120;121;125;126;128;130;136;137;138;140;145;146;149;151;152;153;156;159;163;165;169;173;174;176;177;178;179;185;186;187;188;189;190;197;198;200;201;205;209;212;213;215;220;223;224;226;227;229;247;248;253;256;257;260;263;269;272;276;277;278;284;287;291;294;297;301;302;305;312;318;322;324;325;329;331;332;335;337;343;344;351;353;356;357;359;362;365;366;373;374;377;378;379;381;382;385;387;389;391;401;403;404;405;411;412;418;420;421;422;423;424;428;429;430;432;437;438;439;442;446;447;449;450;453;456;459;462;463;464;468;470;471;472;473;475;476;480;482;484;486;495;497;499;501;503;508;511;512;516;522;523;524;527;528;529;532;536;537;538;540;541;542;545;546;548;556;560;561;562;564;565;568;569;571;572;574;577;583;585;586;591;592;595;596;597;599;600;604;606;607;610;611;613;614;615;616;617;618;620;621;622;623;626;627;628;629;632;634;635;637;638;639;642;643;644;647;648;654;659;668;673;674;675;678;682;684;685;687;688;689;692;694;696;698;699;702;705;708;709;710;713;715;716;717;718;722;724;726;728;729;730;731;735;736;737;738;739;742;759;762;764;765;768;790;793;797;799;800;802;805;806;808;809;811;812;815;821;823;824;825;830;831;832;837;839;843;844;849;851;852;853;856;859;860;861;862;868;869;871;875;877;878;882;883;892;893;895;896;898;901;902;903;905;917;920;924;926;928;930;931;935;939;941;943;944;945;947;949;950;951;953;955;956;957;960;961;963;967;976;979;982;984;987;988;999;1005;1006;1014;1016;1018;1019;1020;1023;1025;1031;1037;1039;1043;1045;1046;1048;1052;1055;1056;1058;1062;1066;1071;1072;1078;1081;1085;1087;1094;1095;1098;1099;1105;1107;1109;1113;1114;1115;1116;1118;1122;1123;1126;1130;1133;1135;1137;1140;1141;1148;1151;1153;1156;1157;1158;1160;1165;1167;1168;1169;1171;1173;1176;1178;1181;1187;1190;1194;1196;1197;1198;1203;1207;1208;1209;1216;1217;1218;1219;1223;1224;1226;1227;1229;1230;1231;1234;1243;1247;1248;1249;1250;1253;1254;1258;1259;1262;1264;1266;1267;1270;1272;1276;1279;1294;1297;1299;1301;1305;1312;1314;1316;1317;1318;1320;1321;1322;1326;1329;1330;1336;1338;1341;1344;1346;1347;1352;1356;1361;1362;1366;1372;1373;1374;1376;1385;1386;1389;1391;1392;1399;1402;1403;1404;1406;1407;1409;1410;1413;1414;1416;1417;1419;1421;1422;1423;1424;1425;1428;1433;1434;1437;1446;1448;1449;1454;1455;1459;1462;1465;1466;1467;1471;1474;1475;1478;1479;1482;1483;1487;1488;1489;1490;1492;1493;1500;1504;1505;1507;1508;1510;1514;1519;1520;1522;1523;1526;1527;1528;1529;1534;1535;1538;1539;1554;1555;1556;1559;1568;1569;1571;1574;1575;1580;1582;1583;1588;1590;1592;1596;1603;1605;1606;1607;1608;1610;1615;1619;1620;1626;1627;1629;1631;1637;1646;1648;1650;1652;1661;1663;1664;1665;1667;1668;1675;1676;1677;1678;1685;1687;1688;1690;1694;1695;1699;1700;1702;1703;1705;1712;1713;1714;1715;1721;1723;1726;1727;1729;1731;1733;1734;1736;1737;1738;1740;1744;1747;1748;1750;1754;1755;1760;1763;1765;1768;1773;1775;1777;1783;1786;1788;1789;1790;1796;1800;1802;1803;1806;1808;1810;1813;1815;1817;1818;1820;1825;1827;1828;1829;1830;1831;1833;1836;1837;1838;1840;1843;1845;1846;1847;1849;1852;1859;1861;1862;1863;1865;1867;1868;1871;1872;1875;1876;1877;1878;1880;1881;1890;1891;1896;1897;1898;1900;1901;1903;1904;1905;1909;1910;1912;1914;1916;1921;1924;1928;1929;1930;1933;1939;1940;1946;1948;1952;1953;1956;1969;1973;1975;1981;1985;1987;1990;1993;1999;2000;2002;2005;2008;2010;2011;2012;2013;2016;2018;2027;2031;2033;2034;2037;2038;2041;2043;2046;2047;2052;2056;2065;2066;2067;2070;2071;2075;2076;2077;2078;2082;2086;2090;2093;2094;2096;2097;2098;2100;2105;2107;2108;2112;2113;2114;2115;2116;2117;2119;2123;2124;2125;2127;2130;2133;2135;2143;2144;2145;2148;2149;2156;2157;2160;2163;2164;2165;2166;2167;2169;2170;2171;2172;2173;2174;2179;2181;2182;2183;2185;2186;2187;2189;2190;2195;2198;2200;2205;2207;2208;2210;2211;2214;2215;2216;2218;2222;2223;2224;2226;2227;2228;2229;2231;2233;2237;2238;2239;2243;2246;2251;2253;2255;2256;2258;2261;2264;2266;2269;2272;2276;2281;2284;2286;2287;2289;2290;2296;2298;2299;2300;2302;2303;2307;2315;2318;2320;2321;2322;2323;2328;2329;2330;2334;2335;2337;2339;2340;2341;2343;2344;2347;2349;2350;2351;2352;2353;2354;2355;2356;2357;2361;2362;2364;2365;2366;2369;2370;2373;2374;2376;2377;2380;2385;2386;2388;2390;2391;2392;2397;2398;2399;2401;2402;2403;2405;2408;2411;2412;2416;2417;2423;2427;2431;2433;2434;2435;2436;2440;2441;2443;2446;2450;2451;2452;2459;2460;2461;2463;2467;2468;2469;2471;2472;2474;2475;2476;2477;2478;2479;2481;2484;2485;2488;2491;2492;2493;2494;2496;2497;2498;2499;2501;2502;2503;2506;2511;2513;2514;2515;2516;2517;2518;2519;2521;2522;2523;2524;2527;2528;2532;2534;2539;2544;2547;2548;2549;2550;2555;2556;2560;2565;2566;2567;2569;2575;2576;2578;2579;2580;2582;2584;2586;2588;2591;2594;2596;2598;2599;2601;2604;2607;2608;2612;2614;2617;2618;2619;2620;2623;2625;2631;2632;2635;2640;2641;2648;2649;2652;2663;2672;2674;2677;2679;2683;2689;2696;2699;2701;2702;2703;2707;2709;2712;2715;2716;2722;2727;2729;2733;2735;2740;2748;2750;2752;2753;2754;2755;2758;2761;2766;2768;2770;2771;2774;2775;2777;2783;2784;2787;2788;2790;2793;2798;2799;2806;2807;2811;2813;2814;2820;2821;2822;2823;2824;2826;2827;2830;2837;2844;2848;2849;2850;2852;2853;2855;2856;2858;2859;2860;2865;2871;2872;2875;2879;2882;2883;2884;2885;2887;2888;2892;2898;2899;2900;2901;2902;2904;2905;2911;2914;2915;2919;2920;2922;2925;2930;2932;2933;2936;2938;2939;2941;2944;2945;2946;2947;2950;2951;2952;2953;2956;2973;2974;2975;2978;2979;2984;2985;2999;3002;3004;3005;3006;3008;3009;3011;3012;3015;3020;3022;3023;3025;3027;3028;3033;3034;3037;3042;3044;3047;3051;3055;3059;3060;3065;3066;3072;3075;3079;3081;3082;3085;3090;3095;3101;3107;3108;3109;3111;3114;3115;3116;3118;3119;3122;3127;3135;3136;3137;3140;3141;3143;3145;3147;3155;3156;3157;3158;3159;3160;3161;3163;3165;3177;3179;3180;3182;3183;3185;3192;3200;3205;3206;3211;3219;3220;3221;3222;3226;3229;3231;3238;3241;3243
../datasets/Big5/2019-2020\misc.csv,13;18;57;59;61;67;89;94;97;100;103;104;108;111;117;118;125;128;137;157;160;167;178;219;222;231;238;253;281;285;287;303;305;328;331;332;343;346;356;361;385;386;393;398;402;405;418;431;461;467;480;487;516;519;527;528;529;534;542;543;554;572;575;582;587;591;601;604;606;613;615;622;641;646;678;682;706;710;716;721;725;728;738;740;759;765;767;785;800;804;805;807;810;814;830;840;841;857;897;900;926;931;934;946;951;966;969;972;979;987;995;1012;1025;1034;1035;1039;1055;1074;1090;1092;1104;1115;1116;1119;1127;1134;1146;1179;1187;1190;1195;1210;1213;1235;1248;1252;1253;1287;1309;1318;1322;1327;1347;1349;1356;1367;1388;1397;1399;1402;1404;1410;1420;1431;1446;1451;1456;1486;1543;1561;1562;1565;1567;1568;1581;1598;1600;1605;1609;1613;1635;1642;1658;1664;1672;1681;1691;1694;1711;1715;1722;1726;1731;1740;1741;1742;1745;1750;1752;1764;1773;1775;1789;1791;1807;1812;1818;1819;1828;1830;1836;1837;1839;1850;1855;1859;1862;1872;1875;1886;1897;1904;1909;1923;1925;1927;1934;1948;1952;1953;1959;1963;1964;1973;1975;1977;1980;1985;1988;2006;2012;2017;2044;2046;2048;2052;2055;2063;2065;2069;2078;2085;2086;2087;2091;2099;2103;2107;2115;2120;2122;2123;2125;2129;2143;2146;2155;2157;2163;2166;2170;2173;2175;2179;2180;2185;2188;2191;2214;2228;2238;2273;2283;2285;2290;2296;2304;2310;2321;2323;2327;2333;2338;2341;2351;2353;2366;2367;2368;2370;2383;2394;2396;2407;2422;2433;2436;2442;2451;2465;2467;2469;2472;2473;2475;2529;2531;2533;2534;2545;2550;2551;2558;2563;2588;2610;2615;2618;2624;2628;2633;2649;2661;2686;2698;2711;2718
../datasets/Big5/2020-2021\keepers.csv,0;1;4;11;14;18;21;23;25;26;27;29;31;34;43;54;55;62;65;66;75;79;87;89;92;98;100;105;107;109;111;114;128;129;137;138;139;142;143;144;145;148;150;154;155;158;163;168;169;170;173;183;185;190;197;198;199;200;202;204;206
../datasets/Big5/2020-2021\keepersadv.csv,14;66;144
../datasets/Big5/2020-2021\shooting.csv,0;2;4;5;8;12;13;14;21;23;24;25;26;36;39;44;46;50;51;58;64;66;69;71;73;83;84;88;93;95;96;97;99;103;104;105;107;108;112;113;116;117;121;124;125;127;128;133;137;139;143;145;147;150;153;155;157;159;163;169;170;174;183;193;194;197;199;207;211;214;219;222;226;231;239;240;242;243;251;253;256;257;261;262;264;265;266;271;272;276;277;279;290;291;292;293;294;297;298;300;305;308;310;312;315;318;326;327;329;330;340;343;349;357;358;359;362;367;374;377;379;382;384;385;387;389;391;393;395;399;400;401;402;403;406;411;414;415;417;418;423;429;437;441;444;445;447;458;464;465;469;473;479;480;486;488;492;493;495;497;501;505;515;516;518;519;520;521;522;524;525;526;538;540;544;545;548;549;551;552;553;556;561;562;565;568;571;572;573;574;578;581;583;584;585;589;590;593;596;599;600;611;613;620;622;623;624;626;627;631;632;634;641;643;650;653;654;655;656;658;669;670;673;675;677;678;683;688;691;695;696;698;701;702;711;713;714;715;719;726;727;728;730;731;736;742;743;746;747;748;749;755;756;757;761;762;763;764;767;769;773;775;778;779;784;788;789;792;795;797;813;820;822;826;829;830;835;836;840;843;844;848;849;850;854;855;862;868;870;871;872;879;884;886;891;895;897;900;903;911;914;915;917;919;922;929;931;936;937;938;955;960;961;963;965;966;968;971;973;978;981;982;984;985;986;987;989;1000;1002;1004;1007;1008;1013;1015;1016;1023;1024;1025;1032;1037;1040;1047;1049;1052;1053;1054;1067;1072;1079;1082;1083;1088;1098;1112;1114;1116;1120;1123;1126;1133;1142;1143;1144;1147;1152;1156;1159;1163;1167;1171;1172;1178;1184;1187;1196;1207;1209;1213;1218;1219;1223;1224;1225;1227;1230;1232;1234;1241;1246;1259;1276;1279;1285;1287;1289;1290;1294;1295;1298;1299;1300;1303;1304;1305;1308;1310;1311;1315;1317;1323;1324;1332;1334;1337;1339;1342;1344;1346;1348;1359;1360;1371;1384;1387;1392;1398;1400;1411;1417;1425;1426;1434;1439;1441;1442;1451;1457;1458;1463;1472;1474;1476;1478;1480;1482;1486;1487;1488;1490;1493;1497;1499;1500;1503;1505;1507;1509;1513;1514;1517;1518;1519;1523;1524;1533;1536;1539;1540;1543;1547;1549;1553;1554;1557;1559;1564;1567;1571;1572;1575;1582;1583;1589;1590;1593;1595;1596;1601;1602;1604;1606;1607;1609;1611;1613;1617;1618;1622;1627;1629;1630;1632;1634;1636;1638;1643;1645;1646;1648;1658;1659;1660;1661;1662;1669;1670;1671;1677;1679;1680;1686;1688;1690;1694;1700;1705;1706;1708;1709;1712;1713;1714;1715;1718;1721;1725;1727;1729;1730;1732;1733;1739;1744;1745;1755;1758;1766;1770;1772;1774;1778;1780;1781;1785;1787;1788;1790;1795;1798;1802;1803;1805;1808;1811;1817;1818;1819;1822;1823;1825;1836;1837;1840;1841;1846;1847;1850;1851;1853;1856;1857;1859;1862;1863;1865;1867;1870;1872;1874;1877;1885;1890;1891;1893;1896;1901;1903;1904;1908;1910;1911;1912;1915;1921;1922;1923;1925;1927;1930;1939;1941;1944;1946;1947;1948;1957;1962;1963;1967;1968;1969;1979;1980;1982;1983;1986;1987;1988;1989;1991;1992;1993;1995;1997;1999;2000;2006;2009;2010;2011;2012;2016;2017;2018;2019;2023;2024;2029;2031;2035;2038;2039;2042;2043;2058;2061;2062;2064;2068;2072;2084;2087;2088;2090;2098;2100;2101;2105;2107;2112;2116;2118;2121;2124;2126;2127;2135;2148;2151;2152;2155;2157;2158;2159;2161;2162;2169;2172;2173;2180;2181;2188;2191;2195;2196;2197;2198;2199;2202;2204;2205;2207;2208;2209;2212;2213;2214;2218;2229;2230;2236;2237;2239;2240;2242;2244;2246;2254;2256;2260;2267;2273;2275;2277;2282;2285;2286;2289;2291;2292;2293;2294;2296;2299;2308;2309;2310;2314;2318;2323;2329;2331;2332;2334;2335;2341;2342;2344;2348;2349;2351;2356;2357;2362;2364;2367;2375;2382;2383;2384;2385;2386;2390;2392;2395;2397;2398;2400;2401;2403;2404;2409;2410;2411;2412;2413;2415;2417;2425;2426;2427;2428;2430;2434;2435;2440;2441;2445;2446;2447;2449;2456;2460;2463;2464;2470;2473;2474;2479;2482;2484;2486;2489;2491;2496;2497;2500;2503;2505;2512;2514;2519;2523;2526;2528;2530;2532;2533;2535;2538;2543;2544;2545;2548;2550;2551;2559;2560;2561;2562;2566;2572;2580;2592;2594;2597;2599;2608;2614;2619;2621;2623;2625;2631;2634;2636;2637;2638;2641;2642;2645;2647;2652;2654;2655;2656;2657;2658;2659;2660;2668;2670;2673;2674;2679;2684;2690;2691;2693;2695;2697;2703;2704;2707;2709;2713;2715;2718;2719;2720;2723;2725;2735;2746;2749;2752;2753;2754;2756;2759;2769;2774;2777;2779;2780;2781;2785;2789;2790;2795;2802;2807;2810;2814;2816
../datasets/Big5/2020-2021\passing.csv,0;8;15;23;68;71;88;96;97;103;107;108;127;128;147;199;251;264;277;294;357;362;367;374;379;382;391;395;399;414;429;465;525;539;549;562;573;593;600;653;655;675;678;702;711;726;728;755;763;784;797;895;903;922;963;971;986;1052;1079;1083;1088;1178;1205;1213;1225;1230;1267;1270;1282;1285;1287;1289;1300;1305;1310;1371;1426;1463;1505;1513;1517;1539;1540;1543;1622;1655;1659;1690;1694;1713;1729;1732;1744;1780;1787;1793;1803;1805;1823;1825;1829;1851;1856;1865;1890;1983;1992;1997;2017;2019;2033;2072;2084;2107;2112;2127;2148;2161;2185;2208;2214;2299;2341;2348;2364;2367;2398;2409;2411;2425;2435;2456;2460;2479;2482;2489;2491;2497;2550;2551;2572;2580;2584;2599;2619;2668;2684;2718;2725;2749;2759;2813
../datasets/Big5/2020-2021\defense.csv,2;8;23;24;35;44;64;66;68;71;84;88;96;99;103;105;107;108;125;127;128;131;170;175;194;199;201;219;226;240;251;253;264;277;293;294;297;310;312;329;330;343;349;359;362;367;379;382;384;385;389;393;395;399;400;403;411;414;429;441;458;464;492;520;522;524;525;538;545;562;572;573;581;585;593;596;600;602;613;620;641;653;659;675;677;688;691;696;697;702;726;727;728;746;749;755;761;763;767;769;773;784;797;822;835;836;841;843;854;855;868;871;884;891;895;903;914;922;936;963;965;968;971;1015;1037;1040;1047;1052;1079;1083;1088;1098;1114;1142;1157;1171;1177;1205;1209;1218;1230;1234;1252;1267;1270;1279;1287;1290;1295;1300;1303;1304;1310;1311;1332;1337;1339;1348;1360;1371;1384;1395;1400;1411;1426;1451;1458;1463;1478;1486;1487;1500;1505;1524;1539;1540;1543;1557;1559;1564;1572;1575;1589;1590;1593;1601;1617;1622;1636;1643;1648;1659;1662;1671;1690;1694;1708;1713;1729;1730;1732;1733;1745;1746;1771;1780;1781;1788;1803;1805;1823;1825;1829;1837;1851;1853;1856;1862;1865;1867;1870;1872;1874;1890;1893;1896;1908;1911;1923;1925;1928;1944;1946;1962;1980;1982;1983;1988;1989;1992;1995;1997;2000;2009;2013;2016;2017;2019;2029;2031;2042;2058;2064;2072;2078;2084;2096;2098;2112;2127;2155;2157;2159;2161;2169;2173;2185;2192;2202;2207;2208;2209;2212;2218;2230;2237;2238;2254;2267;2273;2275;2285;2289;2292;2293;2299;2308;2335;2341;2342;2348;2364;2367;2375;2383;2384;2386;2390;2398;2401;2409;2410;2425;2435;2440;2446;2456;2460;2470;2479;2484;2486;2489;2491;2503;2532;2543;2547;2550;2551;2562;2566;2572;2580;2599;2608;2619;2636;2637;2640;2647;2652;2654;2673;2684;2690;2707;2718;2725;2749;2759;2769;2774;2779;2788;2795;2810
../datasets/Big5/2020-2021\possession.csv,0;12;15;24;35;45;58;66;84;88;93;96;97;99;103;105;107;124;125;127;128;133;137;145;147;157;163;170;194;199;208;226;240;244;251;262;264;266;277;279;291;293;294;297;301;310;329;343;357;359;362;367;374;379;382;384;385;389;393;395;399;400;401;403;411;414;418;419;441;447;458;464;480;492;516;519;522;524;525;526;538;540;544;549;562;567;568;572;573;581;584;585;593;600;611;620;621;622;626;636;641;650;653;655;656;675;677;713;719;728;744;746;747;761;763;767;769;773;775;784;788;789;792;795;813;820;822;835;836;844;850;854;855;868;870;872;875;884;891;895;903;905;911;914;915;936;938;955;960;963;965;968;971;978;986;1004;1013;1015;1016;1023;1024;1037;1040;1047;1052;1054;1072;1079;1081;1083;1088;1098;1114;1116;1142;1157;1158;1159;1161;1163;1171;1178;1187;1201;1202;1207;1209;1213;1218;1230;1234;1276;1279;1282;1285;1287;1290;1300;1303;1304;1305;1310;1311;1317;1322;1326;1332;1344;1346;1348;1360;1364;1371;1384;1400;1401;1411;1426;1434;1439;1441;1451;1457;1458;1476;1487;1488;1500;1505;1513;1533;1536;1539;1540;1553;1554;1557;1564;1587;1589;1593;1601;1606;1611;1622;1629;1632;1636;1638;1646;1657;1659;1660;1662;1690;1705;1708;1713;1715;1721;1729;1730;1732;1733;1739;1744;1746;1758;1780;1787;1788;1793;1795;1803;1811;1817;1818;1819;1823;1825;1836;1841;1853;1857;1863;1865;1874;1893;1908;1911;1931;1941;1944;1946;1948;1957;1978;1979;1982;1988;1989;1992;1993;1995;1997;2000;2009;2012;2017;2018;2019;2023;2029;2031;2039;2042;2043;2058;2062;2064;2068;2072;2084;2090;2098;2100;2107;2112;2118;2119;2127;2134;2135;2148;2155;2157;2159;2161;2162;2172;2173;2174;2180;2188;2195;2202;2207;2208;2212;2214;2218;2230;2237;2242;2244;2261;2267;2273;2275;2285;2289;2292;2293;2299;2308;2309;2314;2329;2332;2335;2341;2342;2348;2351;2364;2367;2385;2386;2390;2398;2410;2411;2415;2425;2427;2430;2435;2436;2440;2441;2446;2449;2456;2460;2464;2470;2474;2479;2482;2484;2486;2489;2491;2496;2497;2500;2503;2512;2523;2528;2543;2545;2548;2550;2551;2554;2562;2566;2572;2580;2583;2584;2592;2594;2599;2608;2625;2637;2640;2647;2652;2654;2663;2668;2673;2675;2684;2690;2695;2703;2707;2715;2718;2725;2735;2749;2759;2774;2779;2795;2810;2813;2816
../datasets/Big5/2020-2021\playingtime.csv,0;2;3;4;5;6;10;11;12;13;15;17;18;23;24;25;26;28;29;31;35;39;42;43;45;52;53;60;62;63;66;67;74;76;78;79;80;82;84;86;87;88;92;94;95;96;101;104;108;109;111;118;119;121;122;123;124;125;127;129;132;133;134;135;136;140;141;146;148;149;155;156;157;158;160;161;162;164;165;166;167;170;171;174;175;176;178;179;180;182;183;187;188;189;191;192;194;196;197;198;201;202;205;210;217;218;219;223;224;227;231;234;238;239;242;244;248;249;254;256;261;267;271;272;274;275;277;278;279;281;284;286;289;290;292;297;300;301;303;305;312;313;315;318;319;325;327;329;338;341;345;351;353;354;358;361;362;363;364;365;366;368;371;373;374;379;384;385;386;388;389;390;391;393;394;396;399;403;405;406;407;408;411;412;415;416;417;418;420;426;428;429;430;434;437;439;441;446;447;449;451;452;453;454;455;457;458;460;461;465;466;467;472;474;475;478;479;482;485;487;488;489;493;495;499;502;504;505;506;507;509;511;515;518;520;523;524;525;532;539;540;541;543;544;546;549;552;556;557;559;561;565;567;568;570;571;572;575;576;579;582;585;587;589;590;591;592;595;596;599;600;602;603;610;611;614;615;618;619;620;622;626;634;640;643;644;645;648;654;655;657;659;660;662;664;665;666;667;669;673;674;678;681;683;685;687;688;689;691;692;693;695;697;698;709;711;716;720;721;722;723;724;725;726;730;732;734;736;737;738;739;742;743;746;747;749;750;752;753;756;757;758;762;763;764;766;767;768;769;773;775;776;777;778;783;785;790;795;799;801;803;805;806;808;813;818;819;822;824;825;826;828;830;837;846;849;850;854;859;860;862;865;870;875;876;877;878;880;882;883;887;891;893;898;905;907;910;915;922;923;924;927;929;930;933;936;937;941;942;944;946;947;948;952;953;954;956;960;961;962;964;968;969;972;973;977;979;980;981;982;985;986;987;990;991;993;998;1002;1004;1007;1008;1011;1013;1015;1020;1023;1024;1026;1027;1031;1032;1033;1036;1038;1039;1040;1041;1042;1043;1045;1047;1048;1050;1053;1055;1059;1064;1065;1066;1069;1071;1072;1073;1074;1077;1078;1079;1081;1082;1083;1087;1096;1097;1099;1101;1105;1106;1107;1108;1110;1111;1113;1118;1119;1120;1122;1124;1128;1130;1132;1133;1136;1140;1141;1142;1145;1147;1150;1151;1153;1156;1159;1161;1162;1177;1180;1186;1188;1189;1190;1191;1193;1195;1196;1198;1200;1201;1202;1203;1204;1205;1207;1211;1213;1215;1217;1222;1223;1224;1225;1229;1233;1235;1237;1238;1242;1244;1246;1250;1251;1255;1257;1258;1261;1265;1267;1269;1273;1276;1277;1278;1280;1282;1284;1285;1287;1289;1291;1297;1302;1304;1305;1312;1319;1320;1324;1328;1331;1335;1340;1342;1346;1352;1353;1354;1357;1359;1361;1363;1365;1368;1371;1375;1379;1381;1384;1390;1393;1399;1406;1407;1410;1414;1418;1422;1423;1424;1426;1428;1430;1431;1437;1441;1443;1445;1446;1447;1448;1457;1458;1459;1460;1464;1468;1469;1470;1476;1480;1481;1485;1489;1493;1497;1500;1502;1507;1508;1510;1512;1513;1515;1517;1519;1520;1522;1529;1538;1540;1545;1546;1549;1550;1551;1552;1560;1563;1564;1570;1571;1573;1576;1577;1580;1581;1582;1584;1585;1587;1588;1589;1591;1593;1594;1597;1598;1603;1606;1607;1608;1609;1610;1614;1615;1616;1622;1627;1628;1629;1630;1631;1632;1634;1639;1642;1644;1645;1646;1647;1648;1649;1651;1652;1656;1658;1660;1668;1672;1673;1675;1678;1680;1682;1687;1691;1693;1698;1702;1703;1711;1715;1716;1719;1721;1722;1727;1731;1732;1733;1735;1739;1741;1744;1750;1752;1753;1759;1765;1766;1768;1769;1772;1777;1779;1780;1781;1786;1787;1788;1791;1794;1796;1797;1800;1802;1804;1805;1806;1810;1812;1814;1816;1818;1819;1823;1825;1830;1831;1833;1837;1843;1846;1847;1849;1854;1857;1858;1861;1864;1871;1874;1876;1881;1883;1884;1887;1889;1891;1892;1893;1895;1897;1904;1905;1907;1910;1911;1912;1917;1919;1925;1926;1927;1929;1935;1936;1940;1943;1945;1947;1955;1957;1960;1967;1973;1977;1978;1979;1981;1983;1989;1990;1991;1994;1995;1996;1999;2001;2009;2010;2011;2013;2014;2015;2022;2025;2026;2027;2029;2036;2042;2043;2045;2049;2051;2052;2058;2061;2062;2066;2070;2077;2078;2079;2080;2082;2083;2086;2088;2089;2091;2093;2098;2100;2104;2106;2108;2109;2111;2112;2113;2114;2115;2118;2119;2120;2121;2123;2124;2129;2130;2131;2137;2139;2144;2145;2157;2160;2161;2166;2167;2168;2170;2171;2177;2178;2183;2187;2192;2194;2196;2198;2200;2202;2204;2205;2211;2212;2213;2214;2217;2218;2220;2224;2225;2227;2232;2235;2237;2238;2239;2243;2245;2250;2251;2252;2255;2256;2257;2259;2261;2262;2263;2264;2266;2268;2271;2272;2274;2276;2279;2286;2290;2291;2294;2295;2296;2297;2298;2300;2303;2304;2310;2312;2313;2315;2318;2320;2321;2323;2324;2334;2336;2337;2339;2340;2343;2346;2348;2349;2350;2354;2355;2356;2364;2365;2366;2367;2368;2372;2374;2375;2380;2381;2383;2384;2389;2390;2391;2393;2396;2397;2398;2399;2401;2402;2409;2413;2415;2416;2417;2422;2425;2426;2427;2429;2430;2432;2433;2435;2436;2438;2440;2441;2443;2444;2450;2451;2452;2453;2455;2456;2457;2459;2460;2462;2466;2469;2472;2473;2474;2476;2478;2486;2488;2489;2490;2495;2502;2505;2507;2513;2514;2515;2516;2520;2521;2525;2526;2527;2530;2532;2536;2540;2541;2544;2545;2546;2548;2550;2551;2554;2557;2559;2560;2561;2562;2565;2571;2574;2577;2580;2584;2585;2587;2592;2595;2596;2597;2599;2602;2604;2605;2606;2609;2610;2611;2622;2624;2627;2628;2629;2633;2636;2638;2639;2640;2642;2643;2645;2646;2647;2653;2654;2655;2656;2659;2660;2661;2662;2663;2664;2667;2671;2672;2673;2674;2675;2677;2680;2685;2687;2688;2694;2695;2696;2699;2701;2703;2705;2706;2707;2709;2710;2712;2713;2714;2719;2721;2723;2732;2733;2735;2738;2742;2745;2746;2748;2760;2764;2766;2768;2770;2775;2778;2779;2780;2785;2788;2789;2792;2793;2794;2799;2803;2805;2806;2807;2810;2811;2812;2813;2815;2817;2821;2824;2829;2830;2831;2836;2839;2844;2851;2854;2856;2861;2862;2866;2868;2871;2872;2875;2878;2881;2883;2884;2886;2887;2889;2890;2892;2893;2896;2904;2909;2912;2913;2915;2916;2917;2918;2919;2922;2923;2924;2926;2929;2930;2931;2934;2937;2939;2944;2947;2948;2949;2952;2953;2955;2957;2958;2959;2961;2966;2967;2969;2970;2971;2972;2973;2975;2977;2978;2979;2980;2985;2986;2990;2992;2993;3000;3004;3008;3014;3015;3017;3020;3021;3022;3026;3029;3030;3031;3036;3038;3043;3045;3046;3047;3049;3050;3051;3053;3054;3055;3057;3059;3062;3064;3067;3068;3071;3074;3080;3082;3086;3090;3093;3095;3097;3098;3100;3101;3102;3103;3104;3106;3107;3109;3110;3112;3113;3115;3122;3124;3125;3130;3136;3137;3139;3142;3146;3149;3151;3153;3158;3161;3164;3167;3170;3173;3177;3182;3183;3184;3185;3187;3188;3190;3191;3193;3196;3197;3204;3205;3207;3210;3211;3212;3216;3217;3218;3219;3221;3222;3227;3228;3231;3234;3235;3237;3238;3241;3242;3243;3248;3250;3251;3252;3253;3256;3258;3260;3264;3273;3275;3278;3282;3283;3284;3290;3294;3299;3303;3304;3305;3313;3314;3317;3322;3323;3325;3328;3329;3330;3332;3333;3335;3336;3337;3338;3340;3342;3346;3350;3351;3352;3353;3354;3356;3358;3362;3368;3374;3379;3380;3381;3385;3387;3396;3401;3404;3407;3411;3414;3419;3421;3425;3426;3428;3429;3431;3432;3435;3437;3442
../datasets/Big5/2020-2021\misc.csv,0;2;8;21;24;66;68;73;88;96;97;99;103;108;124;133;137;145;163;170;206;240;242;253;256;262;264;277;288;291;293;294;310;312;329;339;358;359;362;382;384;385;395;399;400;401;403;411;414;447;458;464;469;488;520;522;524;525;526;538;540;544;545;549;562;572;573;574;581;584;585;589;593;596;611;626;641;655;658;675;688;702;719;727;728;736;743;749;761;763;767;773;788;791;792;793;822;835;836;841;844;850;854;870;871;884;891;893;895;903;911;914;936;960;963;965;966;968;971;985;986;1002;1004;1015;1016;1037;1040;1047;1052;1079;1083;1098;1101;1116;1133;1142;1152;1156;1163;1205;1209;1213;1218;1225;1234;1247;1257;1267;1276;1285;1287;1289;1290;1294;1295;1300;1303;1305;1308;1311;1337;1364;1411;1417;1439;1441;1442;1451;1457;1458;1480;1487;1493;1500;1533;1536;1539;1543;1554;1559;1564;1573;1582;1589;1593;1606;1622;1632;1636;1646;1648;1659;1660;1679;1694;1708;1713;1715;1721;1729;1732;1733;1739;1744;1745;1758;1780;1787;1788;1798;1803;1805;1811;1818;1822;1823;1836;1851;1853;1859;1862;1865;1870;1872;1874;1877;1893;1901;1908;1910;1911;1925;1928;1946;1947;1957;1962;1979;1982;1988;1989;1992;1993;1995;1997;2012;2017;2019;2023;2029;2031;2042;2058;2064;2068;2072;2084;2088;2090;2098;2112;2135;2151;2157;2159;2162;2169;2173;2180;2191;2192;2196;2198;2208;2218;2230;2237;2240;2242;2267;2273;2275;2289;2293;2299;2308;2314;2332;2342;2364;2375;2383;2385;2386;2389;2390;2395;2398;2401;2410;2417;2425;2428;2430;2435;2440;2441;2446;2449;2460;2470;2474;2479;2489;2497;2503;2512;2528;2532;2535;2543;2550;2561;2562;2566;2572;2580;2594;2623;2625;2645;2647;2652;2654;2673;2680;2684;2690;2691;2703;2707;2715;2718;2725;2769;2774;2779;2789;2795;2810;2816
../datasets/Big5/2021-2022\stats.csv,1531
../datasets/Big5/2021-2022\keepers.csv,0;2;3;4;9;11;16;24;25;27;29;32;36;44;48;49;62;66;69;71;74;77;78;83;86;88;89;90;91;97;98;99;105;108;113;114;115;117;119;121;130;135;140;142;145;146;147;148;152;156;158;161;163;168;173;174;175;179;181;186;191;198;199;200;207;209;210;212;215;217
../datasets/Big5/2021-2022\keepersadv.csv,9;27;36;66;98;115;152;163;168;181;207;210;217
../datasets/Big5/2021-2022\shooting.csv,4;6;8;11;14;21;22;28;29;39;43;44;47;51;60;63;65;69;73;74;78;81;82;83;95;99;103;108;114;115;116;123;129;130;132;133;134;138;142;144;149;158;159;161;163;164;165;166;169;170;171;174;175;179;180;181;185;188;189;193;197;198;199;203;211;216;218;219;220;223;226;229;231;233;234;239;244;245;248;258;259;263;265;268;270;272;273;276;284;290;293;294;296;297;299;302;305;308;309;313;315;316;318;319;320;321;327;332;335;340;341;351;352;355;360;362;368;369;370;371;375;376;380;383;384;391;392;394;397;402;404;405;408;409;410;414;415;419;420;423;425;427;428;430;431;436;440;441;445;454;455;457;461;463;465;468;470;475;478;480;482;484;490;495;500;501;503;504;505;506;507;510;513;515;517;518;521;522;529;530;536;539;543;557;558;559;562;564;565;570;576;578;581;587;591;593;594;596;599;600;603;607;608;613;614;620;621;627;631;635;637;642;643;647;648;653;657;660;661;662;666;669;677;680;681;686;687;691;695;697;701;705;707;713;716;718;720;721;724;727;728;730;737;739;741;742;746;748;749;754;758;761;762;767;768;769;770;772;777;781;783;788;794;797;799;801;802;803;819;821;828;829;832;833;836;840;843;849;850;851;853;856;857;859;862;864;865;870;872;873;876;878;885;887;890;893;898;903;904;910;911;914;915;916;917;919;921;922;924;929;935;937;940;941;942;944;945;946;951;955;966;970;971;972;974;976;977;978;982;988;989;991;996;999;1001;1006;1007;1012;1014;1018;1020;1025;1029;1036;1037;1041;1042;1049;1050;1052;1056;1058;1061;1063;1066;1067;1070;1074;1075;1081;1085;1088;1099;1100;1102;1104;1107;1109;1111;1112;1128;1131;1139;1140;1149;1152;1156;1158;1161;1165;1168;1176;1184;1185;1195;1196;1197;1199;1202;1209;1214;1222;1224;1225;1233;1234;1242;1243;1246;1255;1256;1260;1265;1267;1270;1272;1286;1287;1291;1294;1302;1303;1307;1308;1310;1318;1327;1338;1340;1341;1345;1350;1351;1352;1353;1354;1363;1366;1367;1368;1374;1383;1386;1391;1392;1395;1397;1400;1402;1403;1404;1405;1406;1410;1417;1425;1429;1433;1436;1443;1455;1456;1458;1468;1479;1480;1484;1490;1492;1497;1501;1503;1505;1508;1509;1511;1514;1515;1516;1522;1523;1531;1534;1535;1540;1545;1549;1551;1552;1554;1557;1559;1560;1562;1565;1576;1583;1584;1585;1587;1588;1592;1597;1601;1602;1604;1611;1613;1614;1618;1620;1621;1627;1629;1631;1632;1635;1636;1640;1646;1648;1652;1654;1656;1660;1662;1664;1670;1671;1677;1681;1682;1685;1688;1695;1696;1697;1708;1714;1716;1717;1718;1720;1722;1723;1725;1726;1727;1730;1731;1732;1733;1736;1740;1744;1746;1748;1751;1754;1756;1761;1762;1765;1766;1767;1768;1771;1772;1774;1783;1786;1787;1788;1793;1795;1798;1809;1812;1822;1825;1831;1834;1836;1837;1838;1847;1849;1850;1852;1853;1854;1857;1858;1866;1869;1871;1874;1882;1884;1886;1891;1895;1897;1898;1899;1904;1905;1908;1910;1913;1914;1916;1919;1925;1928;1929;1934;1938;1939;1944;1947;1948;1951;1954;1957;1959;1962;1966;1968;1970;1973;1978;1982;1983;1985;1990;1991;1992;1998;2003;2006;2007;2009;2011;2014;2017;2024;2025;2027;2032;2036;2038;2039;2041;2043;2044;2046;2047;2051;2057;2070;2077;2080;2084;2085;2090;2091;2096;2101;2103;2107;2108;2112;2119;2121;2123;2124;2130;2131;2132;2135;2141;2142;2150;2152;2154;2157;2159;2163;2165;2167;2169;2173;2175;2177;2186;2188;2189;2192;2193;2196;2197;2199;2201;2202;2203;2207;2208;2210;2211;2216;2217;2227;2229;2230;2233;2236;2237;2239;2240;2241;2242;2243;2247;2249;2255;2256;2257;2261;2262;2263;2264;2265;2271;2275;2278;2280;2284;2289;2296;2303;2307;2309;2313;2315;2317;2319;2325;2326;2327;2330;2331;2337;2339;2342;2344;2347;2351;2352;2359;2360;2365;2375;2376;2384;2386;2388;2393;2395;2398;2401;2402;2405;2407;2408;2410;2411;2412;2414;2421;2430;2433;2436;2437;2441;2442;2443;2445;2449;2452;2453;2454;2456;2458;2460;2462;2464;2471;2473;2474;2475;2476;2478;2480;2481;2488;2490;2492;2494;2496;2497;2499;2500;2503;2504;2505;2509;2510;2511;2515;2520;2525;2527;2531;2535;2540;2544;2552;2553;2558;2561;2562;2564;2567;2568;2570;2573;2577;2581;2585;2593;2594;2598;2599;2600;2603;2605;2607;2616;2618;2621;2623;2631;2632;2633;2634;2636;2637;2643;2644;2645;2649;2651;2661;2663;2671;2677;2679;2686;2687;2688;2695;2701;2704;2706;2710;2711;2714;2716;2718;2728;2729;2730;2734;2735;2739;2740;2742;2743;2745;2752;2758;2764;2767;2773;2775;2776;2780;2782;2784;2788;2789;2791;2793;2795;2799;2800;2801;2807;2814;2817;2821;2823;2824;2827;2829;2835;2845;2851;2853;2859;2863;2865;2868;2872;2874;2876;2879;2891;2892;2899;2900;2902;2904;2906;2912;2917
../datasets/Big5/2021-2022\passing.csv,4;6;28;51;73;114;115;163;165;166;179;181;197;263;271;273;308;316;318;320;339;355;369;395;405;436;445;455;461;468;480;501;506;507;521;538;539;557;558;564;578;599;642;648;653;661;687;713;727;730;749;790;799;828;833;852;853;859;862;873;890;921;945;951;970;972;974;976;988;989;1003;1006;1014;1039;1052;1066;1081;1085;1139;1196;1242;1303;1327;1345;1354;1360;1368;1374;1397;1406;1429;1433;1443;1479;1484;1490;1511;1531;1540;1576;1590;1601;1614;1648;1662;1670;1671;1681;1717;1725;1731;1732;1744;1754;1787;1788;1834;1847;1852;1882;1913;1934;1948;1973;1978;1998;2017;2038;2039;2046;2072;2077;2084;2103;2119;2121;2123;2124;2129;2141;2142;2152;2169;2173;2177;2189;2192;2197;2202;2206;2227;2229;2247;2249;2255;2271;2275;2309;2315;2317;2375;2392;2395;2407;2412;2414;2421;2443;2452;2494;2496;2497;2525;2540;2558;2594;2616;2644;2663;2671;2687;2695;2704;2727;2752;2776;2827;2859;2865;2868;2876;2879;2892
../datasets/Big5/2021-2022\passing_types.csv,1531
../datasets/Big5/2021-2022\gca.csv,1531
../datasets/Big5/2021-2022\defense.csv,11;22;28;41;51;60;63;73;92;99;103;114;115;123;129;130;132;134;158;163;164;165;166;171;179;180;188;197;198;199;203;234;244;248;259;263;268;272;274;284;293;296;297;299;308;316;318;320;339;341;351;352;355;362;363;368;369;370;371;384;392;395;397;404;405;409;412;420;436;445;455;461;468;470;478;480;500;501;504;506;521;539;557;562;597;603;607;609;621;635;642;648;652;660;687;707;721;728;730;731;737;739;741;746;749;754;758;762;767;772;781;790;799;801;803;840;845;850;852;857;859;860;862;872;873;878;890;914;916;921;935;940;941;946;955;960;966;970;974;976;978;982;987;988;991;996;1003;1006;1014;1035;1041;1050;1056;1058;1063;1064;1070;1075;1081;1085;1091;1104;1116;1139;1152;1156;1184;1196;1202;1212;1214;1238;1242;1328;1345;1351;1352;1354;1360;1363;1368;1383;1386;1397;1405;1406;1423;1429;1433;1443;1468;1479;1490;1492;1501;1508;1511;1515;1517;1523;1531;1539;1540;1549;1559;1560;1562;1576;1580;1583;1584;1585;1590;1597;1601;1611;1614;1627;1629;1640;1648;1662;1667;1670;1671;1677;1681;1688;1716;1717;1725;1731;1732;1733;1736;1744;1745;1746;1754;1756;1767;1772;1774;1785;1786;1787;1788;1798;1820;1831;1834;1847;1852;1866;1871;1882;1884;1891;1904;1913;1916;1944;1948;1956;1960;1970;1973;1978;1982;1983;1990;2004;2006;2007;2017;2024;2027;2029;2038;2041;2043;2044;2046;2047;2057;2070;2080;2084;2085;2101;2103;2107;2119;2121;2123;2124;2130;2141;2142;2152;2154;2165;2169;2175;2177;2189;2197;2199;2201;2202;2210;2217;2227;2229;2236;2242;2247;2249;2255;2261;2262;2271;2275;2280;2284;2303;2305;2307;2309;2313;2315;2317;2319;2327;2342;2360;2363;2365;2375;2386;2392;2397;2401;2402;2412;2421;2442;2443;2444;2452;2453;2456;2473;2474;2475;2476;2494;2496;2497;2503;2504;2525;2535;2540;2552;2553;2558;2561;2562;2564;2594;2616;2625;2626;2633;2644;2648;2671;2687;2695;2704;2714;2716;2727;2729;2734;2752;2758;2772;2775;2776;2784;2788;2795;2810;2824;2845;2859;2863;2865;2868;2872;2876;2879;2892;2912;2917
../datasets/Big5/2021-2022\possession.csv,4;8;11;22;28;29;51;60;73;83;99;103;115;123;129;130;132;142;149;161;164;165;171;179;198;199;203;228;231;234;239;244;248;259;263;270;272;274;284;293;296;297;299;301;308;316;319;320;335;341;352;355;368;369;370;371;384;392;394;397;404;405;408;409;415;420;423;430;432;436;441;445;455;468;478;480;500;501;504;506;510;518;521;536;539;555;557;559;562;565;578;587;591;621;631;635;642;647;648;652;653;660;661;664;680;681;697;707;721;725;727;728;730;731;739;741;746;749;751;758;762;767;768;769;772;777;781;783;790;797;799;801;803;828;829;832;833;840;843;850;853;857;859;865;872;873;876;878;879;890;898;903;911;915;916;921;935;940;941;942;945;951;966;970;972;974;978;982;988;991;996;999;1003;1014;1025;1029;1041;1045;1050;1052;1058;1063;1066;1070;1075;1078;1081;1099;1104;1111;1128;1131;1139;1152;1156;1184;1195;1202;1243;1246;1267;1286;1287;1291;1297;1302;1310;1327;1338;1345;1352;1354;1360;1363;1368;1374;1383;1397;1405;1406;1423;1429;1433;1436;1443;1446;1451;1456;1458;1479;1484;1490;1492;1505;1508;1511;1515;1516;1531;1534;1545;1549;1551;1554;1559;1560;1562;1584;1585;1587;1590;1597;1601;1603;1604;1614;1627;1629;1634;1635;1638;1640;1646;1652;1654;1662;1670;1671;1681;1688;1695;1708;1717;1725;1731;1732;1733;1736;1744;1754;1756;1762;1767;1780;1781;1787;1788;1834;1844;1847;1849;1852;1853;1858;1866;1869;1882;1900;1904;1913;1916;1919;1940;1948;1954;1956;1959;1960;1961;1963;1976;1978;1982;1983;1985;1990;1993;2003;2004;2007;2014;2017;2024;2025;2027;2029;2038;2039;2041;2043;2044;2046;2047;2057;2070;2077;2080;2084;2085;2096;2101;2103;2107;2108;2112;2119;2121;2123;2124;2132;2141;2142;2152;2154;2165;2173;2175;2177;2178;2189;2192;2199;2201;2202;2205;2207;2210;2217;2220;2227;2229;2230;2233;2236;2237;2241;2243;2247;2249;2255;2261;2262;2264;2271;2275;2280;2284;2307;2309;2313;2315;2319;2327;2330;2337;2339;2342;2352;2375;2384;2386;2388;2392;2395;2401;2402;2412;2430;2441;2442;2443;2445;2452;2453;2456;2458;2462;2464;2471;2473;2474;2475;2476;2490;2492;2494;2496;2497;2499;2503;2504;2505;2511;2515;2531;2535;2540;2553;2558;2561;2562;2564;2567;2570;2573;2577;2580;2599;2605;2616;2618;2619;2633;2634;2644;2663;2679;2687;2701;2706;2714;2716;2717;2727;2729;2730;2734;2740;2752;2758;2767;2784;2823;2824;2829;2851;2853;2863;2865;2868;2872;2874;2875;2876;2879;2892;2902;2912;2915;2917
../datasets/Big5/2021-2022\playingtime.csv,1;3;4;5;8;10;12;15;17;21;25;29;30;32;33;35;38;39;40;41;50;52;53;57;58;59;62;63;65;66;72;74;75;77;78;79;80;81;83;84;92;93;94;98;103;104;105;112;115;118;120;121;123;125;127;128;131;132;133;139;141;145;146;147;149;155;156;157;158;161;165;166;167;169;171;177;178;181;182;184;187;189;191;192;195;196;198;201;202;205;207;208;211;212;213;217;221;225;226;227;229;232;235;236;241;245;247;250;251;252;253;255;258;259;261;262;272;275;276;277;279;280;289;290;293;294;296;297;300;302;306;307;314;315;317;318;320;324;325;327;331;336;338;339;341;342;343;345;348;352;354;355;358;363;366;367;370;372;373;374;375;377;379;381;383;385;386;387;388;389;390;392;395;397;399;400;401;402;403;404;405;406;407;412;413;415;419;420;424;425;426;427;430;431;432;434;435;436;437;441;442;443;449;450;453;454;455;456;460;462;464;471;472;473;474;475;477;478;481;482;489;491;492;494;498;500;501;503;504;506;507;508;509;513;515;517;521;523;525;526;533;534;536;544;550;552;554;555;556;560;561;563;564;568;569;570;571;572;573;577;580;583;585;588;590;592;594;595;596;597;598;600;602;603;605;607;610;611;613;614;616;617;620;624;627;629;631;635;636;638;639;640;643;645;646;649;654;657;658;660;662;663;666;668;671;674;676;680;682;684;685;687;688;689;690;692;697;698;700;702;708;711;713;714;715;716;718;719;720;723;725;727;728;729;735;738;741;742;743;744;749;751;754;755;757;758;759;763;764;765;767;771;772;773;775;776;777;778;780;782;787;789;792;795;797;799;801;802;804;805;806;809;812;814;816;823;826;829;830;831;832;836;837;838;839;841;842;845;846;847;850;851;853;855;856;872;873;874;875;876;877;881;883;884;886;887;889;890;893;894;896;898;907;910;911;914;915;916;917;918;928;931;932;933;935;936;938;942;946;947;948;955;957;960;962;964;968;969;970;972;973;975;976;981;982;983;988;992;996;999;1001;1005;1008;1010;1012;1013;1015;1016;1018;1022;1023;1025;1027;1029;1034;1043;1044;1045;1047;1048;1050;1053;1054;1055;1061;1063;1066;1067;1068;1069;1073;1076;1077;1078;1081;1082;1084;1085;1088;1089;1090;1092;1093;1094;1096;1097;1103;1104;1107;1109;1110;1111;1112;1122;1125;1128;1129;1130;1133;1134;1135;1136;1138;1139;1140;1141;1144;1146;1147;1148;1153;1156;1157;1158;1159;1160;1162;1164;1166;1170;1171;1178;1180;1181;1182;1183;1184;1186;1188;1190;1191;1192;1193;1194;1195;1196;1200;1201;1204;1205;1207;1211;1212;1217;1218;1219;1222;1224;1229;1231;1233;1234;1235;1236;1237;1239;1240;1242;1245;1251;1252;1254;1259;1260;1261;1262;1264;1265;1267;1268;1270;1271;1274;1275;1277;1280;1282;1283;1284;1285;1289;1292;1293;1297;1298;1299;1301;1304;1308;1311;1313;1316;1317;1318;1319;1321;1326;1327;1328;1330;1331;1333;1336;1337;1339;1344;1345;1347;1348;1349;1352;1357;1363;1365;1367;1368;1370;1375;1378;1379;1385;1390;1391;1392;1396;1400;1413;1416;1417;1419;1420;1423;1424;1425;1427;1429;1434;1435;1438;1442;1445;1446;1448;1450;1451;1452;1455;1456;1464;1466;1469;1476;1479;1486;1488;1494;1495;1496;1499;1501;1502;1503;1507;1508;1512;1513;1515;1517;1518;1522;1523;1527;1530;1536;1542;1544;1547;1550;1554;1555;1557;1560;1562;1568;1569;1572;1575;1578;1579;1581;1586;1587;1594;1596;1597;1598;1599;1600;1608;1611;1613;1614;1615;1621;1624;1626;1627;1628;1633;1636;1642;1645;1652;1653;1656;1663;1665;1672;1676;1677;1680;1682;1685;1687;1688;1693;1694;1696;1702;1705;1706;1708;1709;1710;1712;1713;1715;1716;1719;1721;1723;1724;1727;1728;1732;1733;1736;1738;1743;1745;1746;1747;1749;1750;1752;1756;1757;1760;1762;1763;1764;1769;1771;1772;1775;1776;1777;1779;1780;1785;1789;1790;1793;1795;1796;1800;1804;1806;1810;1812;1814;1818;1819;1820;1821;1826;1827;1831;1834;1836;1837;1839;1844;1847;1848;1849;1850;1851;1854;1857;1859;1860;1861;1863;1864;1865;1867;1871;1872;1875;1878;1882;1884;1886;1887;1889;1891;1892;1893;1895;1898;1899;1900;1908;1909;1910;1911;1912;1918;1923;1924;1925;1926;1931;1932;1934;1935;1937;1938;1940;1943;1944;1945;1948;1949;1963;1966;1970;1971;1972;1974;1977;1985;1988;1989;1995;1996;2001;2004;2005;2008;2013;2019;2020;2022;2024;2027;2029;2031;2034;2035;2037;2041;2044;2045;2046;2048;2053;2055;2057;2058;2063;2064;2066;2067;2068;2072;2073;2074;2076;2077;2078;2079;2087;2091;2094;2097;2099;2107;2109;2114;2117;2119;2120;2122;2124;2126;2129;2131;2136;2138;2140;2143;2144;2145;2146;2147;2148;2149;2150;2151;2153;2157;2161;2162;2163;2164;2165;2167;2173;2174;2176;2178;2181;2184;2185;2190;2195;2197;2200;2201;2206;2208;2209;2211;2212;2213;2214;2215;2217;2218;2221;2222;2226;2233;2238;2240;2244;2251;2253;2259;2260;2265;2267;2269;2270;2271;2274;2277;2280;2281;2282;2284;2286;2289;2291;2292;2295;2297;2298;2299;2304;2305;2311;2313;2315;2316;2317;2320;2321;2322;2326;2329;2333;2335;2337;2338;2340;2341;2344;2346;2350;2351;2353;2356;2359;2360;2364;2367;2374;2375;2377;2379;2382;2386;2390;2392;2398;2403;2404;2407;2410;2414;2415;2419;2421;2422;2424;2426;2428;2429;2437;2440;2441;2444;2447;2448;2449;2451;2452;2454;2455;2456;2458;2461;2463;2466;2467;2468;2470;2472;2474;2476;2477;2479;2480;2482;2483;2484;2486;2487;2490;2492;2496;2498;2499;2502;2503;2509;2510;2513;2515;2516;2517;2526;2527;2528;2529;2530;2531;2533;2534;2536;2537;2539;2540;2541;2549;2551;2553;2554;2556;2561;2562;2563;2568;2569;2570;2577;2579;2581;2582;2583;2587;2588;2589;2597;2600;2602;2606;2608;2609;2610;2611;2612;2616;2617;2621;2622;2629;2630;2631;2633;2634;2636;2637;2638;2639;2646;2647;2648;2649;2650;2651;2656;2657;2658;2659;2661;2662;2664;2666;2670;2672;2676;2682;2684;2690;2692;2693;2694;2696;2700;2702;2704;2705;2708;2711;2714;2716;2717;2719;2720;2722;2723;2724;2725;2729;2731;2733;2734;2735;2738;2739;2740;2741;2742;2743;2746;2747;2748;2751;2752;2755;2757;2759;2760;2763;2765;2771;2773;2774;2775;2776;2778;2780;2781;2784;2785;2789;2790;2791;2792;2794;2797;2799;2805;2807;2808;2812;2813;2815;2822;2823;2827;2828;2830;2831;2834;2838;2839;2844;2848;2857;2858;2861;2864;2865;2867;2871;2873;2875;2876;2878;2881;2883;2884;2885;2886;2889;2891;2894;2899;2900;2902;2903;2905;2907;2909;2912;2916;2919;2920;2923;2924;2926;2931;2932;2933;2943;2952;2954;2956;2960;2961;2963;2966;2968;2969;2970;2971;2972;2973;2974;2975;2977;2978;2982;2985;2987;2989;2990;2992;2993;2997;3000;3001;3003;3009;3011;3013;3017;3020;3021;3023;3024;3025;3026;3027;3030;3034;3036;3037;3038;3039;3040;3043;3045;3049;3054;3059;3061;3062;3063;3064;3065;3067;3069;3070;3078;3083;3085;3087;3088;3089;3091;3094;3096;3097;3098;3101;3102;3103;3104;3109;3112;3113;3114;3116;3119;3122;3123;3125;3129;3130;3131;3132;3136;3140;3141;3144;3146;3149;3151;3154;3156;3157;3158;3160;3165;3168;3169;3171;3177;3180;3183;3185;3186;3187;3188;3189;3201;3205;3206;3208;3212;3213;3217;3220;3228;3229;3230;3231;3232;3233;3237;3238;3241;3242;3248;3249;3250;3251;3253;3258;3262;3263;3268;3269;3276;3277;3281;3283;3291;3293;3296;3299;3300;3304;3306;3310;3316;3319;3323;3325;3328;3330;3333;3338;3340;3342;3345;3346;3348;3349;3356;3357;3359;3360;3362;3365;3366;3367;3372;3373;3374;3376;3378;3379;3382;3384;3387;3388;3392;3395;3401;3402;3410;3414;3415;3423;3427;3429;3434;3437;3440;3445;3447;3450;3453;3457;3459;3460;3464;3466;3467;3469;3470;3471;3473;3474;3475;3476;3482;3483;3484;3486;3487;3488;3491;3492;3493;3494;3495;3498;3501;3503;3506;3508;3509;3517;3520;3521;3522;3524;3525;3527;3528;3529;3533;3537;3539;3541;3544;3545;3555;3559;3561;3562;3567;3569;3570;3572;3574;3578;3580;3583;3584;3585;3586;3589;3590
../datasets/Big5/2021-2022\misc.csv,11;22;28;51;60;65;73;99;103;115;123;129;132;134;142;158;161;164;165;171;203;229;244;248;259;263;270;272;284;293;296;297;299;308;309;316;318;319;320;321;341;369;370;386;392;397;404;409;420;423;436;455;465;468;478;480;482;500;506;521;536;539;557;559;562;581;587;591;599;603;607;621;631;635;660;661;681;697;707;721;730;731;737;739;741;746;754;767;772;777;797;799;828;829;832;840;850;857;859;865;873;876;878;890;893;911;915;935;940;941;955;966;970;972;974;978;982;988;991;999;1001;1014;1025;1041;1050;1056;1058;1063;1066;1070;1075;1085;1099;1104;1131;1156;1176;1184;1199;1202;1242;1345;1352;1354;1363;1368;1383;1395;1397;1436;1458;1490;1492;1501;1508;1511;1515;1522;1523;1531;1540;1551;1554;1559;1560;1576;1584;1585;1587;1597;1611;1614;1629;1635;1640;1648;1662;1670;1688;1714;1716;1731;1732;1733;1736;1744;1762;1767;1774;1788;1793;1831;1852;1858;1869;1882;1884;1898;1904;1913;1916;1919;1948;1959;1973;1982;1990;1992;1997;2004;2009;2014;2017;2024;2027;2029;2038;2039;2041;2043;2046;2047;2051;2057;2070;2080;2084;2096;2101;2107;2108;2112;2119;2123;2124;2131;2141;2142;2154;2159;2165;2169;2173;2175;2178;2188;2192;2197;2199;2201;2202;2210;2217;2229;2230;2236;2237;2241;2243;2247;2249;2255;2261;2262;2264;2271;2275;2303;2307;2309;2313;2315;2317;2319;2327;2337;2339;2342;2344;2365;2384;2386;2392;2398;2401;2402;2404;2412;2421;2441;2442;2443;2452;2453;2456;2462;2464;2474;2475;2476;2490;2492;2494;2496;2499;2503;2504;2505;2509;2511;2531;2535;2540;2544;2553;2558;2561;2562;2564;2577;2594;2603;2616;2618;2632;2634;2663;2695;2701;2704;2714;2729;2734;2752;2784;2795;2824;2851;2863;2865;2868;2876;2879;2892;2902;2906;2912;2917
